arm,eta,window,seed,explained_variance_mean,explained_variance_final,approx_kl_mean,clip_fraction_mean,action_std_start,action_std_end,value_loss_start,value_loss_end
M1,1.0,2021,0,-0.0012657837323476265,-5.7220458984375e-06,0.019247286367972745,0.2410616249201448,0.9976576566696168,0.8027777671813965,0.1457107382448157,0.001418277990524
M1,1.0,2021,1,-0.002234636315698307,-2.300739288330078e-05,0.019322515128620103,0.24107535003194208,0.9979900121688844,0.8131548762321472,0.2132790752330038,0.0008721222293388
M1,1.0,2021,2,-0.001112636045459176,8.52346420288086e-06,0.019048955875638842,0.23563271933560476,1.0010697841644287,0.8407984375953674,0.1022924620920093,0.0014297974794317
M1,1.0,2021,3,-1.6977778894531623e-05,1.7881393432617188e-05,0.01944434785434412,0.2379620371725937,1.001527190208435,0.7909545302391052,0.0998510736462776,0.0007640742178409
M1,1.0,2021,4,-0.000733088492534835,-3.814697265625e-06,0.01916139943270869,0.2415253673339012,0.9992833137512208,0.8116132616996765,0.1197754907880153,0.0012061412144248
M1,1.0,2022,0,-1.8004993072360298,0.0839410424232482,0.020109962082623507,0.236611777310477,1.0000452995300293,0.9024547338485718,0.1459919982917199,0.0046359551852219
M1,1.0,2022,1,0.0005967380444073331,-1.0728836059570312e-06,0.019634375017035775,0.24259571809784924,0.9979416131973268,0.8123388886451721,0.2184736756207712,0.0023206297555589
M1,1.0,2022,2,-1.6782815157859452,0.0901568531990051,0.019951531774275978,0.23174352174723167,1.001386046409607,0.915487825870514,0.1055268612290092,0.0044347025905153
M1,1.0,2022,3,-1.7465702204931737,0.0929211974143982,0.020186257148211244,0.23555535961456558,0.9988797903060912,0.9218288660049438,0.0998392688816238,0.0061706958367722
M1,1.0,2022,4,-1.7131513963363036,0.0735946893692016,0.02033644003577513,0.237753457064523,1.000371336936951,0.8592417240142822,0.1099677602287556,0.0046985555745777
M1,1.0,2023,0,-0.7335000955063399,0.0045259594917297,0.01996746119165247,0.24071288230675042,1.0000873804092407,0.8537653088569641,0.1463104698486859,0.0032085461425594
M1,1.0,2023,1,-0.47589312795885985,0.146726369857788,0.01989933319420784,0.24501778441758945,1.001328706741333,0.864277184009552,0.2135205054328253,0.002440540210955
M1,1.0,2023,2,-0.9522286642349153,0.0737120509147644,0.01946955241737649,0.23449790213745741,0.9998379349708556,0.8561904430389404,0.1018060352653265,0.0039455138758057
M1,1.0,2023,3,-0.4824794765428546,0.1344508528709411,0.0221543207802385,0.25204628939523,0.9986737370491028,0.911250650882721,0.0985898446015198,0.0035003282246179
M1,1.0,2023,4,-0.8385062654339273,0.0190939903259277,0.019689163881601364,0.23540958229077938,0.99826580286026,0.8796348571777344,0.118298857974878,0.0033427737362217
M1,1.0,2024,0,-0.4300927901592937,0.0043636560440063,0.02007730098211244,0.2333162947854557,0.9999790787696838,0.9215194582939148,0.1420703809708356,0.0019532729857019
M1,1.0,2024,1,-0.4695664809753379,0.0698381066322326,0.02035171863713799,0.24451203484348383,0.9998784065246582,0.8153041005134583,0.2102658102739951,0.0029569714097306
M1,1.0,2024,2,-0.35771537771419937,-0.0751955509185791,0.019595278892674615,0.23261569021507666,0.9999885559082032,0.9204405546188354,0.1010705692606279,0.002387504086073
M1,1.0,2024,3,-0.32914463096826607,-0.595185399055481,0.01994885943270869,0.2325790899169506,0.9996699690818788,0.9192413687705994,0.0987997892116254,0.0028131158542237
M1,1.0,2024,4,-0.6448629644700982,-0.1754287481307983,0.019882374124361158,0.23602762823413542,1.0002305507659912,0.8958867192268372,0.1169403271196642,0.0026402898911328
M1,1.0,2025,0,-0.0055826920666930124,2.6345252990722656e-05,0.019842819642248724,0.24163745574691226,1.0003176927566528,0.8342291116714478,0.1338015216388157,0.1395438783802092
M1,1.0,2025,1,-0.0048178054608112655,1.96695327758789e-06,0.019969680923339013,0.2420342362515971,0.998572587966919,0.8235316276550293,0.2124445514346007,0.0723779387772083
M1,1.0,2025,2,-0.0033355967555785235,3.576278686523438e-07,0.01985258994207836,0.2444009862116695,0.9996321797370912,0.8367289304733276,0.1024552589879022,0.1246280348859727
M1,1.0,2025,3,-0.0009878176237492942,5.364418029785156e-07,0.01957912118654174,0.24125918334752983,0.999142289161682,0.8236503601074219,0.1024728973425226,0.0841232619713991
M1,1.0,2025,4,-0.0009978372965395092,2.384185791015625e-07,0.019873413695059624,0.24065299090981687,0.99883633852005,0.8122510313987732,0.1177366556439665,0.1418899372220039
M1,1.0,2026,0,-0.0027680918955112445,4.231929779052734e-06,0.019091420201873936,0.23659347716141396,0.9992531538009644,0.8478333950042725,0.1366187843086663,0.1336827392224222
M1,1.0,2026,1,-0.001477078237972233,-3.576278686523438e-07,0.019275462436967632,0.236127031316546,1.0012980699539185,0.843143105506897,0.2091160892741754,0.0779036900494247
M1,1.0,2026,2,-0.00027316138529087154,-3.576278686523438e-07,0.018867174568143102,0.23532452818888416,1.0011943578720093,0.7984569668769836,0.1059591844314127,0.1304579877760261
M1,1.0,2026,3,0.00044176708494377687,7.152557373046875e-07,0.018893987249574105,0.23453283878566866,1.00139057636261,0.8122251033782959,0.1010310606070561,0.0724843426141887
M1,1.0,2026,4,0.00015069953018396277,-3.576278686523438e-07,0.01871811152214651,0.23166636998243187,0.997548282146454,0.8272445797920227,0.1330129301859415,0.1256480456795543
M1,3.0,2021,0,-0.0012312796493608163,-2.264976501464844e-06,0.019405912531516183,0.24045709613234667,0.9977227449417114,0.8073108196258545,0.1470283583767013,0.0016156048986886
M1,3.0,2021,1,-0.002021900230615663,-1.4424324035644531e-05,0.01922001984327087,0.241121308360839,0.9979790449142456,0.8122361898422241,0.2136084697121987,0.0009245557066606
M1,3.0,2021,2,-0.0008413236226499373,-2.7418136596679688e-06,0.01913745804855196,0.23597231187446763,1.00103497505188,0.8495004773139954,0.1025181499062455,0.0018277187591593
M1,3.0,2021,3,0.00020198490997392105,-1.2278556823730469e-05,0.019510298496592842,0.2379880317025128,1.0014898777008057,0.7913002967834473,0.0996097319875843,0.0008786630787653
M1,3.0,2021,4,-0.0005653798072463959,-2.1696090698242188e-05,0.01929768426064736,0.24209371173605196,0.999323546886444,0.8157688975334167,0.1252061727464024,0.0013635743653139
M1,3.0,2022,0,-1.8497716440252794,0.0682860016822815,0.02033942044548552,0.23799302265225725,1.0000660419464111,0.9117671847343444,0.1468666963664873,0.0060438922664616
M1,3.0,2022,1,-0.0007213888217074734,4.76837158203125e-07,0.01985327050340716,0.2395050724685903,0.9979720711708068,0.8276044130325317,0.2177015197485161,0.003447394221439
M1,3.0,2022,2,-1.5777907301457614,0.0963227152824401,0.019875828050255537,0.2306105761552385,1.0013386011123655,0.9317654371261596,0.1057742318153032,0.0061795992223778
M1,3.0,2022,3,-1.8171130282712349,0.0853239297866821,0.020304743065587737,0.2353511465875213,0.9990257620811462,0.9356958866119384,0.0995838143953733,0.0076450799097074
M1,3.0,2022,4,-1.7302826039835786,0.0632262825965881,0.020447860771720616,0.23794768819207837,1.0003267526626587,0.8772596120834351,0.1097663980217475,0.0055010381838656
M1,3.0,2023,0,-0.027221490617911306,1.96695327758789e-06,0.02046893813543441,0.243666484774276,1.000017762184143,0.8824062943458557,0.1468035764555679,0.0046410534705501
M1,3.0,2023,1,-0.6182502441146305,0.0873175859451294,0.020117724743611586,0.245375469149276,1.0013976097106934,0.8686753511428833,0.2134794841513212,0.0033355228952132
M1,3.0,2023,2,-1.0931272267076795,0.0119639039039611,0.019714374328790463,0.23717637850031942,0.9998894929885864,0.8925015926361084,0.1013020014324865,0.0071700286061968
M1,3.0,2023,3,-0.6388251880973933,0.0713424682617187,0.020168006705281093,0.2383633927145443,0.9985966682434082,0.9176455140113832,0.0981655282848805,0.0060770280688302
M1,3.0,2023,4,-1.0318646786363201,0.0182913541793823,0.019850987594548553,0.2371079608975724,0.9981399178504944,0.8834465742111206,0.1224540157090814,0.004832848557271
M1,3.0,2024,0,-0.5047518221036336,0.085147738456726,0.02005793958943782,0.2336421622125213,0.9999648928642272,0.941777527332306,0.1430114561699156,0.0020411565401445
M1,3.0,2024,1,-0.3787900521158157,0.0350246429443359,0.019688136955706988,0.23938549763096253,0.9998365044593812,0.8167834281921387,0.2100757197767961,0.0027923102934437
M1,3.0,2024,2,-0.5368198891514611,-0.0949146747589111,0.019986002268313457,0.23488366096145655,1.000089168548584,0.9271695613861084,0.1010940930282231,0.002644013678946
M1,3.0,2024,3,-0.5534573422786121,-0.0733120441436767,0.020079556942078365,0.2336887444101363,0.9995848536491394,0.9538204073905944,0.0988833793126104,0.0026996871529263
M1,3.0,2024,4,-0.7801738438248838,-0.5996748208999634,0.02003709369931857,0.23154471558241055,1.000301480293274,0.9164966344833374,0.1196333562475047,0.0024529717411496
M1,3.0,2025,0,-0.006002261346202891,5.960464477539062e-07,0.020054527758091995,0.2433955177943995,1.0004206895828247,0.8500336408615112,0.141974394879071,0.1784009649418294
M1,3.0,2025,1,-0.0028287487095015585,7.748603820800781e-07,0.020127879545144806,0.24269761665513204,0.9986538887023926,0.8409293293952942,0.210057787495316,0.0886370067019015
M1,3.0,2025,2,-0.0033547378683008904,1.0132789611816406e-06,0.02020217116524702,0.24524508058720187,0.9998644590377808,0.8553847670555115,0.1032562625114223,0.1826751725748181
M1,3.0,2025,3,-0.002288732252494641,2.384185791015625e-07,0.0199560176439523,0.24210556524169505,0.9992064237594604,0.8449215292930603,0.1020015421236166,0.1449586865492165
M1,3.0,2025,4,-0.001629962324080714,2.384185791015625e-07,0.019837892750425894,0.24035935669985092,0.9993837475776672,0.8327039480209351,0.1333875790005549,0.1873121666721999
M1,3.0,2026,0,-0.0016513729826555144,-1.1920928955078125e-07,0.019302297920783647,0.23789257978864992,0.9995272159576416,0.8532660603523254,0.1399766456597717,0.170196360675618
M1,3.0,2026,1,-0.0012147814492350763,-4.76837158203125e-07,0.019456497297274274,0.23579762863341142,1.00123929977417,0.8406052589416504,0.207672078278847,0.0942761569749564
M1,3.0,2026,2,-0.0006868565102858265,1.728534698486328e-06,0.019103991352640546,0.23673301579801959,1.000508427619934,0.8036528825759888,0.1048566465469775,0.1698020049370825
M1,3.0,2026,3,0.0002489891125355663,-3.576278686523438e-07,0.01902378632027257,0.23516835305313033,1.0016311407089231,0.8227355480194092,0.1025390788418008,0.1101333920378238
M1,3.0,2026,4,-0.00011662872320951774,6.556510925292969e-07,0.019656984264054513,0.2403666351682283,0.9980531930923462,0.8391791582107544,0.1300755729535012,0.1629973948001861
M1,7.0,2021,0,-0.0008782926166280913,0.0,0.019437894193356047,0.24094724898850084,0.9976842403411864,0.8191615343093872,0.1481886109759216,0.0020197947924316
M1,7.0,2021,1,-0.0018663528221429281,7.748603820800781e-07,0.019270202011073254,0.2412978632080494,0.9979954361915588,0.8166345953941345,0.2132949351725983,0.0012092789293092
M1,7.0,2021,2,-0.0008174913096062361,-3.933906555175781e-06,0.01924179738330494,0.23722815960391821,1.0009384155273438,0.8564467430114746,0.1025763028519577,0.0021112504000484
M1,7.0,2021,3,0.0001778272591416998,6.079673767089844e-06,0.01957402609795571,0.2391317910189523,1.0018004179000854,0.7984099984169006,0.0994306972424965,0.0012792622710549
M1,7.0,2021,4,-0.000442215287502617,-1.1086463928222656e-05,0.01938540682879046,0.24007695212681004,0.9994040727615356,0.8196704387664795,0.1314245354769809,0.0018301652598893
M1,7.0,2022,0,-2.0224402717471732,0.0817731618881225,0.02024717170528109,0.23638364931590716,0.9998992681503296,0.9189953207969666,0.1482410038988746,0.010464496575878
M1,7.0,2022,1,-0.0013062389380277958,7.748603820800781e-07,0.02010426231431005,0.242255917602747,0.9978793859481812,0.8517468571662903,0.21573661270304,0.0081789015384856
M1,7.0,2022,2,-2.099032005012746,0.0544912219047546,0.020898656206132876,0.23573815314895655,1.0013219118118286,0.9651774764060974,0.1055596542209968,0.0114405198255553
M1,7.0,2022,3,-1.9695365933583988,0.0426099896430969,0.02070714756558773,0.2357876467339225,0.9992526173591614,0.9558100700378418,0.0991002682385442,0.012569283862831
M1,7.0,2022,4,-1.8843314182616173,0.049830675125122,0.02074333727597956,0.23703933533858604,1.0005844831466677,0.8958621025085449,0.1097520997991523,0.0111486660025548
M1,7.0,2023,0,-0.0007401906855061705,3.337860107421875e-06,0.02108496971379898,0.24530538789661413,0.9999395608901978,0.9235406517982484,0.1471751578101248,0.0096388040838064
M1,7.0,2023,1,-0.0005910736738721664,1.6868114471435547e-05,0.021219592235945484,0.24770956997977,1.0013235807418823,0.8775225281715393,0.2131162766781926,0.0100299728655954
M1,7.0,2023,2,0.00016867149830676232,-6.079673767089844e-06,0.021045265041737652,0.24306798671741908,1.0000238418579102,0.8734955787658691,0.1007178618492616,0.0150267374992836
M1,7.0,2023,3,0.004036949074857272,-1.6689300537109375e-06,0.021119347279386712,0.24248446150979558,0.9987115263938904,0.9367716312408448,0.0977196400926914,0.0101626205141656
M1,7.0,2023,4,-0.0008994525701467692,4.410743713378906e-06,0.020798239586030665,0.24864641283805367,0.9978442192077636,0.8436242341995239,0.1280868113099131,0.0106180900038452
M1,7.0,2024,0,0.0026888860551421375,7.152557373046875e-07,0.02108252494548552,0.24801110652683134,1.0001323223114014,0.8638333678245544,0.1443737884183065,0.0028709166945191
M1,7.0,2024,1,6.42999067420177e-05,-3.576278686523438e-07,0.021288749721465078,0.24785680299723167,0.999627947807312,0.8641945719718933,0.2095510914150509,0.0041448774281889
M1,7.0,2024,2,-0.6452124493491711,0.0455147624015808,0.02040514177597956,0.23645643399968058,1.000191330909729,0.963494062423706,0.1012652369499846,0.0036272340366849
M1,7.0,2024,3,-0.5615277823435184,0.038358449935913,0.020325485210391823,0.236805800481793,0.9997076392173768,0.941943883895874,0.0983759229457064,0.004370081172965
M1,7.0,2024,4,-0.7462372849909573,-0.0160107612609863,0.020590137961669506,0.2423732049217419,1.000418782234192,0.9329564571380616,0.1252214355772594,0.0027018429500458
M1,7.0,2025,0,-0.0027505114699953427,1.96695327758789e-06,0.02071654031005111,0.24548090296262776,1.00049889087677,0.8714730739593506,0.1526084040233399,0.2954859584569931
M1,7.0,2025,1,-0.0012194997610387817,-1.0728836059570312e-06,0.020450391580919932,0.24359827512776833,0.9986239671707152,0.8646671175956726,0.2081559018697589,0.122435582568869
M1,7.0,2025,2,-0.0012482080792649605,-1.1920928955078125e-07,0.020867628775979558,0.2446517814363288,0.9999051690101624,0.8769412636756897,0.1067982247768668,0.3211168977431953
M1,7.0,2025,3,-0.0004807704555115076,2.384185791015625e-07,0.02057020903321976,0.24287812267089012,0.9989295601844788,0.8751593828201294,0.1045059035241138,0.2743925908580422
M1,7.0,2025,4,-0.0007775361940036211,2.6226043701171875e-06,0.020398261074105622,0.24354379059305792,1.0000858306884766,0.858697772026062,0.1393720552732702,0.2794223250821233
M1,7.0,2026,0,-0.0006181939903272302,1.788139343261719e-07,0.024855784936115843,0.275430136685477,1.000171184539795,0.8957341313362122,0.1504143434431171,0.1980068376287818
M1,7.0,2026,1,-0.0006647793357173249,0.0,0.019886527068994887,0.23956766729663542,1.0009194612503052,0.8419386744499207,0.2098342239041812,0.12251528352499
M1,7.0,2026,2,-0.0005388712761146211,1.0132789611816406e-06,0.019695134228279385,0.23887870827566013,1.0001051425933838,0.8143904209136963,0.107197279765387,0.2759261447936296
M1,7.0,2026,3,-4.1864088893550626e-05,-1.1920928955078125e-07,0.01954233173424191,0.23603116349020442,1.0011775493621826,0.8232191205024719,0.105941740432172,0.2086737803183496
M1,7.0,2026,4,-0.00021781019701462044,-1.1920928955078125e-07,0.01956139173339012,0.23822260634050255,0.9984260201454164,0.8615058064460754,0.1317344326234888,0.261347449850291
M2,1.0,2021,0,-0.004363200936650502,-4.0531158447265625e-06,0.01931243378109029,0.23812195552065588,0.9984609484672546,0.8205876350402832,0.2205354430334409,0.0013430983181024
M2,1.0,2021,1,-1.870730850521913,-2.5414576530456543,0.018862334611584326,0.20609170371060476,0.999728262424469,0.9387544989585876,0.0757868082582717,0.0273632558528333
M2,1.0,2021,2,-1.886524145201077,-1.6644868850708008,0.018712253264054516,0.20534077373030238,1.0006728172302246,0.9920111894607544,0.1738931721338303,0.0142265893518924
M2,1.0,2021,3,-1.9245041448375435,-2.47602915763855,0.018967582672061327,0.21031113580706984,1.0004738569259644,0.9528767466545104,0.1063246704507037,0.0296041753026656
M2,1.0,2021,4,-1.9943963114610117,-2.3953051567077637,0.018711049545996592,0.20274360825702725,1.000240683555603,0.9535486102104188,0.0986231695169408,0.0355473026866093
M2,1.0,2022,0,-2.060938284181858,0.2481676340103149,0.018059497670017036,0.19359145416311754,0.9977077841758728,0.9384971857070924,0.199878596682538,0.0053922525039524
M2,1.0,2022,1,-2.0886053201287123,0.0353886485099792,0.017053042378364566,0.18294201514586883,1.0008642673492432,0.9113991260528564,0.0686555267457151,0.004775704423082
M2,1.0,2022,2,-2.0892587876807283,0.1687585711479187,0.017789664560477002,0.19574920810264054,1.0003756284713743,0.945652425289154,0.1834028217017476,0.0058171687123831
M2,1.0,2022,3,-2.143685901591481,0.15115886926651,0.017351317288756385,0.1870429121859029,1.0003193616867063,0.9072617888450624,0.1016239280179434,0.0054478615929838
M2,1.0,2022,4,-2.0555389047278254,0.182263433933258,0.017443258159625212,0.18738791158698892,0.9998321533203124,0.928592324256897,0.1022219188162125,0.0067685936810448
M2,1.0,2023,0,-3.295404944752916,0.0367698073387146,0.018577358685349234,0.19704498343004684,0.9997310638427734,0.9796690940856934,0.2297317253032815,0.0044659250270342
M2,1.0,2023,1,-2.9136405297804124,0.0216091275215148,0.018724945445144803,0.20015288942717205,1.0006333589553833,0.9284117221832277,0.0751334241649601,0.0034821653243852
M2,1.0,2023,2,-3.378106150655568,0.0214278697967529,0.018716898425894378,0.2004350860439736,0.9987221956253052,0.9818191528320312,0.1853381763721699,0.0053064500243635
M2,1.0,2023,3,-2.9379261153316985,0.0141797065734863,0.018154159694548554,0.19531437160615417,0.9995551705360411,0.97219580411911,0.1029554087235737,0.0034681355900829
M2,1.0,2023,4,-3.0689186199966443,0.0303311347961425,0.01875552567120954,0.19998486078577513,0.998759925365448,0.9631574749946594,0.0994601176244032,0.0044330501550575
M2,1.0,2024,0,0.02277986834768136,-0.1143579483032226,0.020112945017035776,0.22303327466194633,0.9998115301132202,0.9222196340560912,0.2198621934039692,0.007411575250444
M2,1.0,2024,1,0.01870762357516833,-0.1503379344940185,0.019925078771720613,0.22128872977001704,1.0006322860717771,0.9571232199668884,0.0790509649450541,0.0100591121008619
M2,1.0,2024,2,-0.007078504542069706,-0.7004251480102539,0.01994628071720613,0.21939175295464225,0.9983388781547546,0.8741492033004761,0.1966138024290558,0.0097308472322765
M2,1.0,2024,3,-0.03829278836258428,-0.2546285390853882,0.019849792275979557,0.22017720367067717,1.0006836652755735,0.95185649394989,0.1033816318158642,0.0103277881280519
M2,1.0,2024,4,0.023396680870900976,-0.3485305309295654,0.019996973777683134,0.22114066492759796,0.9995706677436828,0.9210676550865172,0.0993571003564284,0.0103382278612116
M2,1.0,2025,0,-0.002616502966547739,1.788139343261719e-07,0.01966413218228279,0.24717886565694208,0.9985390305519104,0.8108060956001282,0.1983107941414346,0.1148650839459151
M2,1.0,2025,1,-0.840337888548687,0.376409113407135,0.016278313576831342,0.18011880124041738,1.0000396966934204,0.945888340473175,0.0816788744050427,2.2031629644334316
M2,1.0,2025,2,-0.006735478085188078,5.960464477539062e-07,0.019606591703577512,0.24188949870900767,1.0012435913085938,0.7984169125556946,0.1656964711437467,0.1312136822380125
M2,1.0,2025,3,-0.8301070084766797,0.359637975692749,0.017011023243611586,0.1867521893632879,0.9974977970123292,0.9497033953666688,0.1125460545626992,1.7215483328327537
M2,1.0,2025,4,-0.759671557091773,0.3903476595878601,0.01629842034735945,0.17996844887936542,0.9981440901756288,0.9888102412223816,0.1036164496836136,2.1970494696870446
M2,1.0,2026,0,-1.9326800517166696,0.1890843510627746,0.020571915263202727,0.22950612056803663,0.9986494779586792,0.9101272225379944,0.1906898086017463,0.394701347220689
M2,1.0,2026,1,-0.004991743796119494,-1.1920928955078125e-07,0.01921616917717206,0.237340663929408,0.9991795420646667,0.8216333985328674,0.0834110014548059,0.1343450276181101
M2,1.0,2026,2,-2.05876304313312,0.1294105052947998,0.02014238988330494,0.2264364785189523,1.0020939111709597,0.9357076287269592,0.2029861539122066,0.3822399070486426
M2,1.0,2026,3,-2.1216651329189995,0.0943130850791931,0.02019149868398637,0.22711025673445487,1.0015511512756348,0.8725644946098328,0.1058282075791794,0.4112177896313369
M2,1.0,2026,4,-1.9970496517226888,0.1408188939094543,0.02065239399829642,0.22617466161360733,1.0003447532653809,0.9340327978134156,0.1055531784222694,0.4127287715673446
M2,3.0,2021,0,-0.004136439482641794,-1.3113021850585938e-06,0.019365629759795572,0.23763949704535775,0.9982951283454896,0.8258135914802551,0.2213047440709488,0.0014566823665518
M2,3.0,2021,1,-1.8115869503614241,-2.318891763687134,0.01858233863713799,0.2032628749866908,0.9998266696929932,0.9388256669044496,0.0754849078293773,0.0329647582257166
M2,3.0,2021,2,-1.8060386174785217,-2.278284072875977,0.01867584758688245,0.20104003074425042,1.0006591081619265,0.9897084832191468,0.1826198702328838,0.0557271828874945
M2,3.0,2021,3,-1.996297034738011,-2.3571574687957764,0.019346920124361157,0.214517050747977,1.0006790161132812,0.9652082324028016,0.1066530576026707,0.0615004384890198
M2,3.0,2021,4,-1.93794454088406,-2.275428295135498,0.018817143737649065,0.20516359501437392,1.0001778602600098,0.9556459784507751,0.0982115857950702,0.0381204650620929
M2,3.0,2022,0,-2.1345984793602915,0.1907046437263488,0.01684686203798978,0.18339473587893954,0.9976588487625122,0.9661641120910645,0.200870603621297,0.0073086055344901
M2,3.0,2022,1,-2.1665666545066964,0.1772647500038147,0.01657262662129472,0.17603537252448892,1.0007847547531128,0.93778795003891,0.0715691724799398,0.0064834990043891
M2,3.0,2022,2,-2.0880137772332668,0.1888518333435058,0.01721803861192504,0.18657168334752983,1.0003960132598877,0.9592929482460022,0.1895701780122181,0.0068700529373018
M2,3.0,2022,3,-2.1356496988610068,0.0054583549499511,0.017524287271039184,0.18949180486051959,1.0004122257232666,0.926167368888855,0.1019924337051634,0.0058901335432892
M2,3.0,2022,4,-2.068903543473915,0.117137610912323,0.016641783879727427,0.18185814722636287,0.9997586011886596,0.9428731799125672,0.1022231578954233,0.0074875723221339
M2,3.0,2023,0,-3.4685794909118184,0.0173481702804565,0.0185078726955707,0.19803693469175895,0.999735414981842,0.992445468902588,0.2296837293506541,0.0064736940839793
M2,3.0,2023,1,-3.3491167593652182,0.0168328285217285,0.018155685847018738,0.19076761638894804,1.0007296800613403,0.9551032781600952,0.0748093430484004,0.0048695128862163
M2,3.0,2023,2,-2.5705906309098565,0.0128926038742065,0.017850323583134584,0.1927051446709966,0.9987168908119202,1.011685132980347,0.190696448298695,0.0088216069561894
M2,3.0,2023,3,-2.9640424585626723,0.0223991870880126,0.017627510733219758,0.19392917509582625,0.9997707605361938,0.9929258823394777,0.1029571765666332,0.0057243474875576
M2,3.0,2023,4,-3.4171772804333362,0.0288832187652587,0.018859803162350936,0.19947287252448892,0.9988157749176024,0.9828006625175476,0.0988875426446611,0.0068718519760295
M2,3.0,2024,0,0.033343154283357844,-0.2571369409561157,0.020099876134582622,0.22137108044080067,0.9998583197593688,0.9239939451217652,0.2201762460281315,0.0111185195273719
M2,3.0,2024,1,0.023624427476977166,-0.2634402513504028,0.02006036498637138,0.21572610832357325,1.0005457401275637,0.9616253972053528,0.0786154966044705,0.0174348324071615
M2,3.0,2024,2,0.013286855496986556,-0.420630931854248,0.01991324216439523,0.21590266317078363,0.9983545541763306,0.8946918249130249,0.2000961250305408,0.0151518260827288
M2,3.0,2024,3,-0.023549926849605683,-0.2942491769790649,0.01967577073253833,0.2128400916338373,1.0006183385849,0.947761058807373,0.1039457042861613,0.0121623370214365
M2,3.0,2024,4,0.009839291873132549,-0.3682626485824585,0.019910137522998295,0.21457777396986796,0.9996339678764344,0.9333322644233704,0.0992032954090973,0.0109617612761212
M2,3.0,2025,0,-0.0019283979064967382,9.953975677490234e-06,0.01988095156303237,0.24889554441279813,0.9987692832946776,0.8231548070907593,0.2109324326011119,0.1389375580474734
M2,3.0,2025,1,-0.5256711366432489,0.4397784471511841,0.016172635308006816,0.17852190527842846,1.000625491142273,0.9471603631973268,0.0812762928253505,1.5177479274570942
M2,3.0,2025,2,-0.5082047921835462,0.4191234111785888,0.016273451485178878,0.1753857172327513,1.0014097690582275,0.9878916144371032,0.1672164860356133,1.3922532061114907
M2,3.0,2025,3,-0.5243585328024128,0.6016797423362732,0.016213619267291313,0.17735651851309625,0.998296558856964,0.9715519547462464,0.1175620376961887,1.4310985328629613
M2,3.0,2025,4,-0.4895016795731891,0.442300021648407,0.016248286859795572,0.17768197002768313,0.997923731803894,0.982108235359192,0.102236345053825,1.4334715930745006
M2,3.0,2026,0,-2.1692162533838055,0.0473150014877319,0.020749343435264054,0.22850751470666525,0.9986208081245422,0.91457200050354,0.194327506396803,0.4743808708153665
M2,3.0,2026,1,-2.2743871947163417,0.0556063055992126,0.020194752653321976,0.2212708455334327,0.9988585710525512,0.9735916256904602,0.0893438274506479,0.6220242637209594
M2,3.0,2026,2,-2.139860040386044,0.150272786617279,0.02042719917887564,0.22918981912798125,1.0020641088485718,0.9478726983070374,0.207419156373362,0.4521684972569346
M2,3.0,2026,3,-2.147519378381856,0.4268190264701843,0.02043373468568995,0.2277638631947402,1.001326322555542,0.872452974319458,0.1078342656619497,0.3978696973063051
M2,3.0,2026,4,-0.0035263387267390556,-3.576278686523438e-07,0.019335581421635432,0.23603199531516184,1.0002878904342651,0.8346914052963257,0.1045658752263989,0.1817880154121667
M2,7.0,2021,0,-0.0036771503583332976,-2.384185791015625e-06,0.019401197730834752,0.23879407008624362,0.998294472694397,0.8341782093048096,0.2221373291686177,0.0018158927759941
M2,7.0,2021,1,-1.7375146425765458,-2.0258710384368896,0.018626889350936968,0.2034319434092845,0.9999264478683472,0.9396583437919616,0.0749842393124708,0.0157984153483994
M2,7.0,2021,2,-1.848599626522454,-1.4855742454528809,0.018184350416354345,0.19485832357325383,1.0006107091903689,0.996021807193756,0.1996271791649633,0.0114655975776258
M2,7.0,2021,3,-1.997036597696236,-2.2596468925476074,0.019071011144804088,0.20877433919825383,1.0006937980651855,0.9728901386260986,0.1083297996956389,0.082415334531106
M2,7.0,2021,4,-1.862591550134922,-2.132564067840576,0.01847672466439523,0.19819331778375213,0.99992436170578,0.9709022045135498,0.0981153654574882,0.1333209262229502
M2,7.0,2022,0,-2.2729449848909393,0.1391623020172119,0.0168298864637138,0.17833183327566013,0.997650384902954,0.9939467310905457,0.2032425577599497,0.014090618758928
M2,7.0,2022,1,-2.122726683722241,0.1879422664642334,0.016419053251277686,0.17395830560583475,1.000486969947815,0.9489880204200744,0.0752784267788229,0.0116578104207292
M2,7.0,2022,2,-2.055974462572517,0.186085045337677,0.01708117675979557,0.18384267361850512,1.00024151802063,0.9798222184181212,0.1961569155864708,0.0136229424388147
M2,7.0,2022,3,-1.9390971007704532,0.1686975955963134,0.017492782735775127,0.1905640272306218,1.0005332231521606,0.9566042423248292,0.1026912101915513,0.0099984581465832
M2,7.0,2022,4,-2.1006846586321646,0.1570270657539367,0.01660718600834753,0.18100469482005963,0.9997844696044922,0.952158749103546,0.1020788264831935,0.0130048609571531
M2,7.0,2023,0,-3.49287877090948,0.0048784613609313,0.017434358410051108,0.18322982658113288,0.9997771382331848,1.00700044631958,0.229927930075064,0.0101050371013116
M2,7.0,2023,1,-3.5383050659039967,0.0140966773033142,0.017496361564224874,0.18632068016663117,1.0006250143051147,0.9738153219223022,0.0740327298517513,0.0093810324324294
M2,7.0,2023,2,-3.482741510035435,0.0043769478797912,0.017912033497955705,0.18851586622923766,0.998799741268158,1.0661728382110596,0.1931437945313519,0.0192579018184915
M2,7.0,2023,3,-2.804529758896901,0.0441001653671264,0.017668897219931857,0.18855101083368825,0.9997848272323608,1.035011887550354,0.1034793501530657,0.0103520007105544
M2,7.0,2023,4,-2.8032656330266232,0.0207796692848205,0.018311365133901192,0.19119538237329642,0.9987555742263794,1.0325669050216677,0.0983428338440717,0.0134055834641912
M2,7.0,2024,0,-5.119257119486359e-05,-2.264976501464844e-06,0.021142169619250424,0.24656310723221891,0.9998620748519896,0.8820129036903381,0.2209346898671356,0.0035332836123416
M2,7.0,2024,1,0.01216874425212204,-0.2802265882492065,0.020006381897785346,0.21336518113820271,1.0006476640701294,0.9743940234184264,0.0777021869944292,0.0169466591614764
M2,7.0,2024,2,-0.018507964870998764,-0.7537651062011719,0.020007209471890972,0.2118204821922913,0.9983287453651428,0.9063665866851808,0.2038768893107772,0.0106570548377931
M2,7.0,2024,3,-0.2135359068136199,-0.6597532033920288,0.03346563250936968,0.2984698163995954,1.0008039474487305,0.952241837978363,0.1050438764868886,0.0073044492455665
M2,7.0,2024,4,0.034620734049067584,-0.3544961214065552,0.020160364876490634,0.21122531143526405,0.9999014735221864,0.9405403137207032,0.0998861235784716,0.0243558377260342
M2,7.0,2025,0,-0.0019224175399572298,-1.1920928955078125e-07,0.02069412483560477,0.24924158359508092,0.9988371729850768,0.8449181318283081,0.2273979739693459,0.1976754046045243
M2,7.0,2025,1,-0.0018219276628055605,2.384185791015625e-07,0.020773497324531518,0.24830786008038758,1.00108003616333,0.8575385808944702,0.0842866307357326,0.291647701524198
M2,7.0,2025,2,-0.26094802924680954,0.3304699659347534,0.015812635581942076,0.16869701275021295,1.0017060041427612,0.9793529510498048,0.1744245716836303,1.4031745623797178
M2,7.0,2025,3,-0.3108838944865654,0.3250197768211365,0.015822602524361157,0.17258225917003833,0.9991691708564758,0.9845251441001892,0.1219771598407533,1.4988695131614804
M2,7.0,2025,4,-0.32131011553070615,0.2925489544868469,0.016740230490630323,0.1795302850830494,0.9982746839523317,0.988659918308258,0.1030199504748452,2.998877102509141
M2,7.0,2026,0,-0.011628460031148726,2.980232238769531e-07,0.019716766927597957,0.23789403548232538,0.999014377593994,0.8223303556442261,0.2102046840591356,0.2360586281865835
M2,7.0,2026,1,-2.316070890000163,0.1275994181632995,0.020286753243611583,0.21909188005749575,0.9987987279891968,0.9615682363510132,0.0909892040945123,0.7499192347750068
M2,7.0,2026,2,-2.5108140465348097,0.0826002359390258,0.02055186997359455,0.221909687100724,1.0018887519836426,0.9620522260665894,0.2139072473510168,0.9629604490473866
M2,7.0,2026,3,-2.3423343557718463,0.2005598545074463,0.020405790563032367,0.22348599539501704,1.0009068250656128,0.8833820223808289,0.1178313672426156,0.3009100572671741
M2,7.0,2026,4,-0.007634692135214603,5.960464477539062e-07,0.019838135389267462,0.23927486491162692,1.0007058382034302,0.8475860953330994,0.1058188725000945,0.2933678408153355
M3,1.0,2021,0,-0.6210694554717212,-4.310163497924805,0.01966649209795571,0.21310669153268738,0.997675359249115,0.9593825936317444,0.2200982932226907,0.021973896655254
M3,1.0,2021,1,-0.5935369512697704,-3.4681172370910645,0.020070170896933564,0.21951070392355196,1.0000104904174805,0.9280530214309692,0.0744904428283916,0.0186192230612505
M3,1.0,2021,2,-0.6760683901468372,-3.6661972999572754,0.019441967529812608,0.2149329632266823,1.0003514289855957,0.947842299938202,0.1826936936777201,0.0341337956488132
M3,1.0,2021,3,-0.7232800808432155,-3.880157470703125,0.019664647471039184,0.2182550641503407,1.0010932683944702,0.9419739842414856,0.1074900246348988,0.020550189219648
M3,1.0,2021,4,-0.7107483477568098,-4.680556297302246,0.019846973893526406,0.21833616708368825,1.0014039278030396,0.9459958076477052,0.100595891552075,0.0305372305156197
M3,1.0,2022,0,-1.97384043944146,0.3240148425102234,0.017341377563202726,0.1871776678290034,0.9977732300758362,0.9940643906593324,0.2054331171020749,0.0078708410583203
M3,1.0,2022,1,-2.222296256832207,0.2218552827835083,0.01705650961737649,0.1827274043068569,1.0002098083496094,0.8972124457359314,0.0714701520446396,0.006055452307919
M3,1.0,2022,2,-2.1277277353878117,0.3023446798324585,0.016778884675468484,0.18229610306643954,0.9997681379318236,0.9799644351005554,0.1737975366158934,0.009468470714637
M3,1.0,2022,3,-2.586122877146966,0.2147236466407776,0.016721810557240206,0.18225929481207412,1.000443935394287,0.9232221841812134,0.1030399503433727,0.0058617100730771
M3,1.0,2022,4,-2.3370390579079037,0.1794974207878112,0.016384905384497446,0.17985469681643954,1.000177264213562,0.9402653574943542,0.102096725750016,0.0083524326910264
M3,1.0,2023,0,-2.7163716219555987,0.0112474560737609,0.019454250503407156,0.2045534514081133,0.998931050300598,0.9517897367477416,0.2367079975556407,0.0034862228785641
M3,1.0,2023,1,-2.57442519073795,0.0081508755683898,0.019057090356899488,0.2036792033778748,1.0004774332046509,0.9188216328620912,0.0737249748017347,0.0039105037503759
M3,1.0,2023,2,-2.6268202437046644,0.0083764791488647,0.02059901942674617,0.22311874467632029,0.9978404641151428,0.935168981552124,0.1744972560354654,0.005049811763456
M3,1.0,2023,3,-2.652477666304099,0.0106450915336608,0.019813307569846676,0.21153059119463374,1.0000381469726562,0.9536375403404236,0.1017848447390861,0.0036519761124509
M3,1.0,2023,4,-2.6882948216425295,0.0116890668869018,0.01970938087325383,0.20930961855834754,0.9992445707321168,0.9458243250846864,0.0993969616793037,0.0046458287833957
M3,1.0,2024,0,-1.5299065226793696,0.0667299032211303,0.0181955931713799,0.19287213353119675,1.0000219345092771,0.9855401515960692,0.2266187091263418,0.0043691908358596
M3,1.0,2024,1,-1.5319873751529842,-0.0025321245193481,0.018173507073083472,0.18775765778055792,1.000847339630127,0.9754042625427246,0.0779332625024835,0.0041119726374745
M3,1.0,2024,2,-1.585488643110103,-0.0714895725250244,0.0177033061197615,0.18610939662744888,0.9987400770187378,0.9670678377151488,0.1964372556612943,0.0037616582631017
M3,1.0,2024,3,-1.7279166806698658,0.0635792016983032,0.017904468555706987,0.19141228073094121,1.0003193616867063,0.9702752828598022,0.1037838132178876,0.002450835705531
M3,1.0,2024,4,-1.678010620392567,0.0109148621559143,0.018180992753321978,0.19120640405398212,0.9995886087417604,0.9408702850341796,0.1003623235519626,0.004220005183015
M3,1.0,2025,0,-0.007083267328889441,4.172325134277344e-07,0.019703496522146507,0.24736997744090716,0.9988626837730408,0.8076189160346985,0.2027262927003903,0.1175314174033701
M3,1.0,2025,1,-1.5853938206497205,0.1997938752174377,0.017906246357751277,0.19682247025393954,0.9999688863754272,0.9185845851898192,0.0812589276465587,1.552875991910696
M3,1.0,2025,2,-1.542976336341091,0.2577829957008362,0.017343995316183986,0.18580806803662692,1.000195860862732,0.9817681312561036,0.1674674464884447,1.2659787060692906
M3,1.0,2025,3,-1.5749079942500164,0.0961040258407592,0.01700260490971039,0.1852079063298552,0.9975759983062744,0.9491076469421388,0.1181741360996966,1.7202327856794
M3,1.0,2025,4,-1.454200491486863,0.3099362254142761,0.017402368865928452,0.18900955434146083,0.9985027313232422,0.9545948505401612,0.1039533131333882,1.5520295836031437
M3,1.0,2026,0,-0.0024970138296358025,-3.576278686523438e-07,0.01888613977427598,0.23416558806697188,0.9981451630592346,0.8052282929420471,0.1934843476192327,0.1099262610077858
M3,1.0,2026,1,-1.6393882696226467,0.2651950716972351,0.019054283067291313,0.21112133331558774,0.999165952205658,0.9151872992515564,0.0819791005706065,1.0197966946288943
M3,1.0,2026,2,-2.1760014260038605,0.3608618974685669,0.018711857972742756,0.20476910202832196,1.0011858940124512,0.9340681433677672,0.2066692925800453,0.8208246883004904
M3,1.0,2026,3,-1.9790713256018735,0.2096490263938903,0.019344209298126067,0.2129214025234242,1.0018103122711182,0.8713200688362122,0.1064471198224055,0.4264262299984693
M3,1.0,2026,4,-1.7754210830750214,0.3482977747917175,0.018062429499829644,0.20062931717152896,1.0005500316619873,0.9395859241485596,0.1044063584704417,0.8836998306214809
M3,3.0,2021,0,-0.654541274656429,-4.2180023193359375,0.01972997383049404,0.21253876304301533,0.997494637966156,0.967398762702942,0.2207423103463952,0.0358507313067093
M3,3.0,2021,1,-0.6634900287631423,-3.875295639038086,0.02005129663032368,0.21775035435743187,1.0000771284103394,0.9425492286682128,0.0741578702363767,0.0180800666857976
M3,3.0,2021,2,-0.622112653629134,-4.27694034576416,0.019900624694207836,0.21828480189256813,1.0004420280456543,0.938032329082489,0.1904693592514377,0.0309200202464126
M3,3.0,2021,3,-0.7364536515695679,-3.9754714965820312,0.019644531112436116,0.21961281043707412,1.0010861158370972,0.9439567923545836,0.1082617342653975,0.0130763274792116
M3,3.0,2021,4,-0.7245918333631968,-5.649579048156738,0.019884366544293014,0.21560715735466354,1.0011610984802246,0.9468209147453308,0.1002251523786981,0.0133606816525571
M3,3.0,2022,0,-2.359744389581112,0.2526147961616516,0.017559904263032368,0.1902364961536414,0.9976909160614014,1.005876898765564,0.2065264154443866,0.0089916658616857
M3,3.0,2022,1,-2.165948556371198,0.2359519600868225,0.017123947011754685,0.18333068535721891,1.0002100467681885,0.9103849530220032,0.0746865450419136,0.0074251085025025
M3,3.0,2022,2,-2.084427750902647,0.257733404636383,0.016626835412947186,0.1797854473887351,0.9995892643928528,0.9922617077827454,0.1759984053278458,0.0089689561864361
M3,3.0,2022,3,-2.4276519334499027,0.2464437484741211,0.01679406417734242,0.1850309355701661,1.0005745887756348,0.9426684975624084,0.1031844384961004,0.0072399253840558
M3,3.0,2022,4,-2.701500589031174,0.1262978315353393,0.01701248672947189,0.18370687819420783,1.0001957416534424,0.9478374719619752,0.1025318125084595,0.0091060060804011
M3,3.0,2023,0,-2.7960453426411447,0.0016230344772338,0.019449833333901195,0.20471461749361158,0.9988645315170288,0.9656990766525269,0.2365114348176575,0.0049881547020049
M3,3.0,2023,1,-2.3177022662845137,0.0047990679740905,0.01981417594497445,0.2100268596278748,1.0004422664642334,0.9185413122177124,0.0736405942443525,0.0052999331237515
M3,3.0,2023,2,-2.6901174269908537,0.0086539387702941,0.019766435439523,0.20839107584912692,0.997928500175476,0.9923437237739564,0.180521788470287,0.0086728266032878
M3,3.0,2023,3,-2.426963028550351,0.0166118741035461,0.01932117581260647,0.20574649635327938,1.00005042552948,0.9841970205307008,0.1024133430109941,0.0049760991460061
M3,3.0,2023,4,-2.5519012462544484,0.0028293132781982,0.01944640854173765,0.20543539381920783,0.9991416931152344,0.9760773777961732,0.0990365031866531,0.0067623626528074
M3,3.0,2024,0,-1.6145101840492002,0.0778029561042785,0.01789385477172061,0.18764702506122233,1.0000602006912231,0.9927603006362916,0.2266464839049149,0.0032958785595837
M3,3.0,2024,1,-1.559686417372507,-0.0441235303878784,0.018264513354514483,0.19202949484933987,1.000825047492981,0.9864882230758668,0.0776638032257324,0.0046979204780654
M3,3.0,2024,2,-1.4560468689343389,0.0049270391464233,0.01753510244616695,0.18368691439523,0.9987809062004088,0.9514682292938232,0.2013264138731756,0.0024892582587199
M3,3.0,2024,3,-2.2308099638461254,-0.1130362749099731,0.01860076222896082,0.19198395243292163,1.0001658201217651,0.9975613355636596,0.1042974878218956,0.012056839215802
M3,3.0,2024,4,-1.831061066110861,0.0584919452667236,0.018487677172913115,0.19343195172753408,0.9995261430740356,0.9635628461837769,0.1006645030756772,0.0034983756122528
M3,3.0,2025,0,-1.3800789280278922,0.3455926179885864,0.017752556939863714,0.1923930023557283,0.9990693926811218,0.9233304858207704,0.2175055188999977,1.855001569725573
M3,3.0,2025,1,-1.4523409933004103,0.3179821968078613,0.01725330455979557,0.18895319820059625,1.0004103183746338,0.9044877290725708,0.0810405553493183,1.1928411098197105
M3,3.0,2025,2,-1.248674541153331,0.1236244440078735,0.017770213406643955,0.18931192271347955,1.0004745721817017,0.9462226033210754,0.170165958625148,1.5838071554899216
M3,3.0,2025,3,-1.4731936045562186,0.1719643473625183,0.017508514214650765,0.1949756108922487,0.9983251094818116,0.9512232542037964,0.1206469207972986,1.4902312448248267
M3,3.0,2025,4,-1.040167715927202,0.530720591545105,0.017839980170528107,0.19247597689523,0.9983328580856324,0.9333322048187256,0.1021814572886796,1.2198201389983296
M3,3.0,2026,0,-1.7222682009157575,0.3473684191703796,0.018417869598126062,0.2041138319181218,0.998153567314148,0.9435914754867554,0.1976567686069756,0.872847349382937
M3,3.0,2026,1,-0.0062381765302238915,5.364418029785156e-07,0.01953350967035775,0.23900077858816013,0.9989542365074158,0.8330991864204407,0.0875359627680154,0.1726893428713083
M3,3.0,2026,2,-2.1474723621974405,0.3726814985275268,0.018751015115502555,0.20242169199850937,1.0010757446289062,0.932675004005432,0.2125275377184152,0.9364363262429832
M3,3.0,2026,3,-2.3895252839466985,0.1933264732360839,0.024597889284497444,0.2549886622258305,1.001685380935669,0.8977586030960083,0.1094518547688494,0.5735218725167215
M3,3.0,2026,4,-1.8126956702700263,0.2878808975219726,0.017958825406473596,0.19820101216460817,1.000614881515503,0.9353623986244202,0.103569049417274,0.8813381381332874
M3,7.0,2021,0,-0.40111764996380783,-3.647006034851074,0.019809277056218058,0.2214253570192717,0.9975298047065736,0.9497464895248412,0.2216270097451342,0.0292961082304827
M3,7.0,2021,1,-0.545583996293492,-3.699200630187988,0.02021771976149915,0.2188839238181431,1.0002825260162354,0.9302157759666444,0.0736192561889765,0.0332206256571225
M3,7.0,2021,2,-0.5593272758301925,-3.887979507446289,0.019881935561328792,0.21220249780398212,1.0001862049102783,0.9419740438461304,0.20513059705263,0.0366650111973285
M3,7.0,2021,3,-0.6741453026384877,-4.335729598999023,0.019737680327086882,0.21437501663649916,1.0011965036392212,0.967376172542572,0.1098430814527091,0.0164295539434533
M3,7.0,2021,4,-0.610240050434457,-3.7111849784851074,0.01978672063798978,0.2117208711536414,1.0010193586349487,0.9449447989463806,0.0993441521495697,0.043615489907097
M3,7.0,2022,0,-2.5242706645895714,0.2143130302429199,0.017370279027768314,0.18678899761765333,0.9978681802749634,1.024343729019165,0.2092052237057942,0.0184940857288893
M3,7.0,2022,1,-2.6918625033490704,0.121113896369934,0.016805745216354345,0.1792909274515545,1.000177264213562,0.960121750831604,0.0786050503920705,0.0108874886936973
M3,7.0,2022,2,-2.195665591518558,0.1547098159790039,0.01652651729011925,0.17636955820112862,0.9994884133338928,1.0164767503738403,0.1834528395811503,0.0136956313799601
M3,7.0,2022,3,-2.45630248990132,0.176679253578186,0.01664733998620102,0.1814522166471465,1.000488042831421,0.969577133655548,0.1038665937885525,0.0098414196836529
M3,7.0,2022,4,-2.9955714177435464,0.2249729037284851,0.01705809505996593,0.1825350447854557,1.0002061128616333,0.9774850606918336,0.1027505171932716,0.0155622078164014
M3,7.0,2023,0,-0.0015970956933965537,1.6689300537109375e-06,0.021138289413969336,0.24647805313032367,0.99884831905365,0.8827585577964783,0.236220779173891,0.0100132019724696
M3,7.0,2023,1,-2.481077885404356,0.0051221847534179,0.018776928432538333,0.20227154759369675,1.0003141164779663,0.9630245566368104,0.072714445515885,0.0121997755195479
M3,7.0,2023,2,-3.025101533638761,0.0014485716819763,0.019180242421805792,0.1994668417935477,0.9981022477149964,1.03669536113739,0.1916400635527679,0.0162390452460385
M3,7.0,2023,3,-2.410702546979134,0.0030244588851928,0.019118533527768315,0.20280765877874787,1.0002986192703247,1.0144848823547363,0.1048253644403303,0.0091140277218073
M3,7.0,2023,4,-2.55797855492548,0.0016307234764099,0.019476625543441223,0.1980999454322828,0.9992390871047974,1.0011181831359863,0.0986434132792055,0.0135789550258778
M3,7.0,2024,0,-1.2819478734185383,0.0641762018203735,0.017306603514650767,0.18156305732272146,1.000248670578003,0.9980540871620178,0.2272837835625978,0.003093401701335
M3,7.0,2024,1,-1.2446751005604888,-0.0004711151123046,0.017194205257921633,0.17913787165939096,1.0010652542114258,0.9748967289924622,0.076991717221972,0.0045573277093353
M3,7.0,2024,2,-1.2815872747609725,0.0019734501838684,0.017125345214650766,0.1782752691785562,0.9988090991973876,0.976840615272522,0.2057715042610652,0.0026148389224545
M3,7.0,2024,3,-1.495510963301033,0.0467461943626403,0.01771305314020443,0.18862670690481262,1.000314474105835,0.9827841520309448,0.1055660401689237,0.0029957270671729
M3,7.0,2024,4,-1.5244747648044177,0.0340438485145568,0.017908302142078364,0.18489576401458688,0.9997186064720154,0.954111397266388,0.1013414609114988,0.0043219387443969
M3,7.0,2025,0,-0.0014464542447403695,4.947185516357422e-06,0.026834647703577515,0.2931488401032794,0.999173104763031,0.8481134176254272,0.2335015102871693,0.2380860238336026
M3,7.0,2025,1,-1.1508462386399356,0.3347269296646118,0.016778139432879046,0.17955648756920783,1.0010287761688232,0.9298149347305298,0.0843559118220582,1.5796833243221045
M3,7.0,2025,2,-0.7913098128122203,0.0201137065887451,0.016975304765417375,0.1821723691040247,1.000654220581055,0.9613845348358154,0.1784281077125342,2.9225945696234703
M3,7.0,2025,3,-0.9711230422609709,0.1253538727760315,0.015972519268313456,0.1721779922407368,0.999384582042694,0.9731154441833496,0.1236448548879707,1.8756454782560468
M3,7.0,2025,4,-0.8287988302045624,0.2533712983131408,0.017544146293526405,0.19047918108496592,0.9985582828521729,0.968822419643402,0.1014712111500557,1.5756223555654287
M3,7.0,2026,0,-2.2075579014100657,0.1146759986877441,0.01911033028262351,0.20676589783858604,0.9989528059959412,0.950156271457672,0.2157659181684721,1.8181438203901052
M3,7.0,2026,1,-0.0019636329840963898,-1.1920928955078125e-07,0.020175229069846676,0.24145487016876066,0.9991695880889891,0.8446019887924194,0.0892959227494429,0.2659971518442034
M3,7.0,2026,2,-2.1983601789052076,0.1382561326026916,0.018292528476320274,0.19669353738554088,1.0013577938079834,0.9450549483299256,0.2188117130717728,1.6164623349905014
M3,7.0,2026,3,-2.15755256568756,0.1777923703193664,0.018020309450596253,0.19522474246699317,1.0011392831802368,0.8985657095909119,0.1194594417902408,1.066108824685216
M3,7.0,2026,4,-2.0481993417926705,0.1648231148719787,0.017867966579727425,0.19351284670464225,1.000937819480896,0.9441372156143188,0.1057632781157735,1.8680086266249416
M4,1.0,2021,0,-1.1855780821439559,-10.602907180786133,0.018702193255877343,0.2005746246805792,0.9990350008010864,0.939788579940796,0.0963770944217685,0.0146273637656122
M4,1.0,2021,1,-1.399311766815348,-11.97606372833252,0.01752467936269165,0.19030262623775554,1.0001519918441772,0.9320651888847352,0.1083086284634191,0.017705694786855
M4,1.0,2021,2,-1.372790165207455,-13.26577377319336,0.017532411379216354,0.18915387597157154,1.0003505945205688,0.9408146739006042,0.1503796858887653,0.0189884502324275
M4,1.0,2021,3,-1.2308969768795488,-11.144906044006348,0.018542332257921634,0.1956281775713373,1.000543475151062,0.9036895632743835,0.1053034595497592,0.0197688143380219
M4,1.0,2021,4,-1.4242626195059522,-11.669836044311523,0.017702729540204427,0.19185917868931004,1.0004488229751587,0.9184457063674928,0.1646554435355938,0.0262668444484006
M4,1.0,2022,0,-0.7384696371307568,0.5305269956588745,0.015561650624361158,0.17233853445751704,0.996745228767395,0.9833666682243348,0.1015478044673727,0.0078404732339549
M4,1.0,2022,1,-1.0156599913788817,0.5939997434616089,0.01596072910681431,0.1782561372045358,0.9993165135383606,0.8689249157905579,0.0849482218618504,0.0248476103879511
M4,1.0,2022,2,-0.7231062907579607,0.6435390114784241,0.01617321920732538,0.1762620448253833,1.0009350776672363,0.9578564167022704,0.1470011786514078,0.1177831466775387
M4,1.0,2022,3,-0.8920165189689429,0.5674220323562622,0.01624958357069847,0.178840078324638,1.001592755317688,0.9009144902229308,0.1113519222963077,0.0598842962644994
M4,1.0,2022,4,-0.6620483521302271,0.5050284266471863,0.01595581066678024,0.17551215462627767,0.9998219013214112,0.9325910806655884,0.1932069318536378,0.0124044703261461
M4,1.0,2023,0,-0.8892031418607019,0.099814236164093,0.01887831043032368,0.20334127448892675,0.9987165331840516,0.957550048828125,0.0994514373996935,0.0031111947755562
M4,1.0,2023,1,-1.3560195680980585,-0.0212470293045043,0.01887071449829642,0.20420138149488926,0.999657392501831,0.9488840699195862,0.1035905120297684,0.0037866801576456
M4,1.0,2023,2,-1.750805794075766,0.0814216136932373,0.018451021174787054,0.1940874297939736,1.0006016492843628,1.014093041419983,0.1518725104251643,0.0057760275230975
M4,1.0,2023,3,-1.2506741880355132,0.0780037641525268,0.018251439679045998,0.19525052904067292,1.0011210441589355,0.9613886475563048,0.1120590719001484,0.0072109718894353
M4,1.0,2023,4,-1.5870381833341296,0.1126401424407959,0.018938384186712096,0.1998528085737862,0.9999921321868896,1.0077167749404907,0.1936741394056298,0.007468355281162
M4,1.0,2024,0,-1.2467993179009356,0.2541225552558899,0.01797059539948893,0.19010070072934412,0.9998523592948914,0.9752734303474426,0.0951030309697671,0.0193745432188734
M4,1.0,2024,1,-1.5525636014987094,0.2385125160217285,0.020787767744633732,0.21530250146401192,1.0006725788116455,0.970685601234436,0.113928542319627,0.0055589146941201
M4,1.0,2024,2,-1.4522594770946535,0.2931076884269714,0.018298470334412266,0.1916819999733816,0.9974311590194702,0.933868169784546,0.1417434730756213,0.0034931397603941
M4,1.0,2024,3,-1.4711847310374908,0.060868501663208,0.017874954140715504,0.18756696190907154,0.9990403056144714,0.9834621548652648,0.1144297606715554,0.0056306555343326
M4,1.0,2024,4,-1.3503077512502264,0.0028610229492187,0.018088793927938673,0.19453287205866696,0.9993485808372498,0.9656898975372314,0.1923890229554672,0.0030051430403545
M4,1.0,2025,0,-0.8258052687628712,0.415791392326355,0.017849427432197616,0.1969484917349872,0.9985968470573424,0.995821475982666,0.1019154991372488,2.223519988358021
M4,1.0,2025,1,-0.6575552550044539,0.3260825276374817,0.016363359674957407,0.18218547034710392,0.9992297887802124,0.951425850391388,0.1077799196136766,2.4932824224233627
M4,1.0,2025,2,-0.7641192805624901,0.4124422669410705,0.015794286333560476,0.1769458049403748,1.0020989179611206,0.9609229564666748,0.1511551364455954,2.617258360609412
M4,1.0,2025,3,-0.769971721318552,0.3590255975723266,0.015710481650085182,0.17435654180419505,1.0023218393325806,0.9395915865898132,0.1124421140302729,2.4283860651776195
M4,1.0,2025,4,-0.8192681100543151,0.4157164692878723,0.01625253784480409,0.17942817856952725,1.001550793647766,0.9180578589439392,0.1654047276315395,2.7197574907913804
M4,1.0,2026,0,-1.2558646106638738,0.3909608125686645,0.01834066574701874,0.19988379405344975,0.999498963356018,0.8997378945350647,0.1058100036316318,0.7890393603593111
M4,1.0,2026,1,-1.7068524028617236,0.4287194609642029,0.018124639404088587,0.20234308454003408,1.0003612041473389,0.9339086413383484,0.1253418712003622,0.889428848400712
M4,1.0,2026,2,-1.4243273708645692,0.5003296136856079,0.01779657379778535,0.19679605981154175,0.9987992644309998,0.9459532499313354,0.1505513846059329,0.7762766620144248
M4,1.0,2026,3,-1.5913258353327568,0.4496747255325317,0.017769776970698467,0.19222060663330495,0.999204695224762,0.936165988445282,0.1154398603357549,0.8644518526270986
M4,1.0,2026,4,-0.8757044048488039,0.6955156326293945,0.018931677948892674,0.2089357132399915,0.9996704459190368,0.9574982523918152,0.1872408081544563,0.2806294141337275
M4,3.0,2021,0,-1.238465271369765,-11.335649490356444,0.018814667208688244,0.20167304953683987,0.999184250831604,0.947102963924408,0.09583982418917,0.0081145537333213
M4,3.0,2021,1,-1.3988201960388196,-11.905427932739258,0.017519628992844975,0.1911752106180792,1.000223994255066,0.926896035671234,0.1070771182057797,0.0093209128608577
M4,3.0,2021,2,-1.40909069593761,-13.480008125305176,0.01745936335468484,0.1884129278907581,1.0003159046173096,0.936303973197937,0.1505872801426448,0.0111630153696751
M4,3.0,2021,3,-1.4035947564513354,-12.142422676086426,0.01692010259403748,0.17991334047593696,1.0005353689193726,0.9213709831237792,0.1055148007362731,0.0143400404922431
M4,3.0,2021,4,-1.364353100628016,-11.740463256835938,0.01737133138705281,0.18741723341673766,1.0003902912139893,0.9187201261520386,0.1705636692422558,0.0341993976035155
M4,3.0,2022,0,-0.7399488066083528,0.6124236583709717,0.0158663348967632,0.17447985985413117,0.9968529343605042,0.973671019077301,0.1009783838235307,0.0411020552273839
M4,3.0,2022,1,-1.1111468645336275,0.5701316595077515,0.016134048896592847,0.17815340682229558,0.9992849230766296,0.8778687715530396,0.0860361543527687,0.0679057205561548
M4,3.0,2022,2,-0.9654129139406311,0.5913057327270508,0.015731193207155023,0.1707206349153535,1.0008567571640017,0.976694405078888,0.1471986416763684,0.0216046358691528
M4,3.0,2022,3,-0.8005582243457969,0.5670166015625,0.015933912257410563,0.1751199491588586,1.0018633604049685,0.907553493976593,0.111350100249183,0.0166468007664661
M4,3.0,2022,4,-0.8564886255808543,0.5635782480239868,0.015973675139011923,0.17590955899968058,0.999815046787262,0.9447375535964966,0.1943891168211848,0.0252649604226462
M4,3.0,2023,0,-0.9666946064268304,0.1268067359924316,0.017866550844463373,0.18874628174244037,0.9987424612045288,0.991706371307373,0.0989394331118092,0.0058887339400826
M4,3.0,2023,1,-1.1070465624230887,0.0895028114318847,0.018054236872231687,0.19237033512563884,0.9995899200439452,0.9592447876930236,0.1029368317504122,0.0058787807938642
M4,3.0,2023,2,-1.283044756474243,0.1111376881599426,0.018291329065758092,0.19284447535136287,1.0008199214935305,1.0115349292755127,0.152350750133337,0.0078218667040346
M4,3.0,2023,3,-1.2887660673164225,0.1316748261451721,0.01796722888126065,0.19227529912425467,1.0011281967163086,0.9763264060020448,0.1123821082583163,0.0122127830400131
M4,3.0,2023,4,-1.4045829861290005,0.0875568985939025,0.01816965227563884,0.19236908738820271,1.0000780820846558,1.024101734161377,0.1926050483452854,0.0090866157988784
M4,3.0,2024,0,-1.6085119103248116,0.1037015914916992,0.018443885869335604,0.1902562519963799,0.9999181032180786,1.0223588943481443,0.0946814336239185,0.0520674503641203
M4,3.0,2024,1,-1.2815505482472187,0.2197981476783752,0.017627337166269165,0.18641945938032367,1.0006635189056396,0.9739815592765808,0.1154194687405834,0.0062774135512881
M4,3.0,2024,2,-1.0658883448353822,0.0157147645950317,0.017440802930323678,0.18427584646507666,0.9974024891853333,0.9274423718452454,0.1420200758566352,0.002726112066739
M4,3.0,2024,3,-1.0969456547975946,0.2970382571220398,0.017226946239352642,0.18101592445698467,0.9991465210914612,0.9712529182434082,0.1148694784169492,0.007962199350004
M4,3.0,2024,4,-1.4766615910465104,0.0909224152565002,0.018553604818739352,0.193779238647253,0.999517023563385,0.961840569972992,0.1922735602856846,0.0050158630256191
M4,3.0,2025,0,-0.726439979047954,0.2899856567382812,0.015516776498977852,0.16988693835178875,0.9986742734909058,1.0082842111587524,0.1008294700441183,2.334480575285852
M4,3.0,2025,1,-0.6792160809750858,0.3606047034263611,0.015969484043781946,0.176628671675362,0.9994999766349792,0.949807107448578,0.1067006812154431,3.2760240053758025
M4,3.0,2025,2,-0.5277846809952588,0.1417679786682129,0.016283225579045997,0.17497458774755112,1.002629637718201,0.9600152373313904,0.1515324296196922,1.9527185559272768
M4,3.0,2025,3,-0.7172996382493989,0.2694601416587829,0.015245472878194208,0.1694774725165034,1.002184510231018,0.947666585445404,0.1152754318318329,2.513883807696402
M4,3.0,2025,4,-0.5918656510429448,0.5590105652809143,0.017174497095059624,0.18971764533645655,1.001936674118042,0.9304550886154176,0.1888784471084363,1.961561182513833
M4,3.0,2026,0,-1.349986680017013,0.3864119052886963,0.01825631665468484,0.20263963013735092,0.9993288516998292,0.894363522529602,0.1032754087937064,0.9352417062036692
M4,3.0,2026,1,-1.754292487793521,0.3241856098175049,0.018170059580238502,0.19939468097849233,0.999854564666748,0.932052731513977,0.1243907696625683,1.2268846044316888
M4,3.0,2026,2,-1.3634993388258823,0.4538781642913818,0.01742817406132879,0.18886627249254684,0.9985782504081726,0.9952452778816224,0.1500638183788396,1.3107972256839275
M4,3.0,2026,3,-1.5412152223733255,0.4485966563224792,0.01760939510834753,0.1893603765172487,0.9996932744979858,0.9338196516036988,0.1190663529923767,1.1005523526109755
M4,3.0,2026,4,-1.4132811051414205,0.4280421137809753,0.018101577898977855,0.19724524528854345,0.9995779395103456,0.946195125579834,0.1958892639522673,1.0256312415003777
M4,7.0,2021,0,-1.3181724482338109,-11.79852294921875,0.017241043849403746,0.18667857285455708,0.999370813369751,0.9843918085098268,0.0950857775169424,0.0236210329894674
M4,7.0,2021,1,-1.434613440572911,-12.171823501586914,0.016863716170698463,0.1783715529173765,1.0003411769866943,0.937349021434784,0.10411909573304,0.0072030500159598
M4,7.0,2021,2,-1.3691572201719073,-12.835164070129396,0.017178344650085182,0.18605366435530238,1.0002843141555786,0.9577590227127076,0.1512272481049876,0.0117820416926406
M4,7.0,2021,3,-1.3401629813078924,-11.055892944335938,0.016866606881431007,0.17923103605462096,1.0006734132766724,0.906424641609192,0.1057193926135369,0.007405986849335
M4,7.0,2021,4,-1.4000522386682501,-11.26539134979248,0.017583535751788757,0.19041284304461242,1.0003615617752075,0.9175257086753844,0.1868659270330681,0.0123569729476002
M4,7.0,2022,0,-0.785238237661235,0.7247449159622192,0.016030146607836457,0.17360893912372233,0.9969033002853394,1.006282091140747,0.0999130482850887,0.05243011622224
M4,7.0,2022,1,-0.8556435025936497,0.6060003042221069,0.01629495484327087,0.18048813152150767,0.9993373155593872,0.8765822649002075,0.0905777748666878,0.0263424417935311
M4,7.0,2022,2,-0.8984462592427125,0.6003891229629517,0.01549491342810903,0.167103652044293,1.0006242990493774,0.9827727675437928,0.1475064800652035,0.0407140278257429
M4,7.0,2022,3,-0.8273436394623231,0.5889637470245361,0.016219949792163544,0.17760668986903747,1.0018689632415771,0.9344353079795836,0.1113940973282296,0.0391141965519636
M4,7.0,2022,4,-0.7449626337730498,0.6297779083251953,0.015684223722146506,0.17082211756015758,0.9998595714569092,0.9663379192352296,0.1949634363390942,0.0336020373506471
M4,7.0,2023,0,-0.8516034073683432,0.1390550136566162,0.017143470117717205,0.18054448766237224,0.998723328113556,1.0161460638046265,0.0969951744482386,0.0099878434266429
M4,7.0,2023,1,-1.0795127619470404,0.131942331790924,0.017800028523850087,0.19083624194793442,0.9994715452194214,0.976963460445404,0.101581644215912,0.0104716296773403
M4,7.0,2023,2,-0.991357679566086,0.1277372241020202,0.017097460791311754,0.17728269404812608,1.0006992816925049,1.0486128330230713,0.152605016126472,0.0163553552702069
M4,7.0,2023,3,-0.8833060671767343,0.1468775272369384,0.017170989405451448,0.18034817697242334,1.0010377168655396,1.0022847652435305,0.1130290387300192,0.0240208028117194
M4,7.0,2023,4,-1.1103906027299988,0.0205774307250976,0.017484614420442933,0.18246142827672487,0.9999975562095642,1.039372444152832,0.1911798273285967,0.0168297795462422
M4,7.0,2024,0,-1.0819150366815635,0.3460063934326172,0.017886963058943783,0.1849053300015971,0.9999602437019348,1.0138728618621826,0.0939202881454548,0.014143849373795
M4,7.0,2024,1,-1.1103257635383021,0.1737512350082397,0.017284730629301533,0.18458736491162692,1.0007078647613523,0.9705836176872252,0.1148105821339413,0.0066400362702552
M4,7.0,2024,2,-1.0796224081942738,0.3151044845581054,0.017365081151107326,0.1779188321843058,0.997423768043518,0.9415653944015504,0.1425500752957305,0.009242346000974
M4,7.0,2024,3,-1.5125801549047182,0.091301679611206,0.01807812517632027,0.18744967459007666,0.9992228150367736,0.9939585328102112,0.1158582742136786,0.0094948704936541
M4,7.0,2024,4,-1.2366698619860401,0.4370882511138916,0.017588675184497443,0.18185003693302812,0.9993320107460022,0.959453284740448,0.1908369127850164,0.0562272454844787
M4,7.0,2025,0,-0.5314229782639005,0.1259846687316894,0.015399380324531515,0.1615512204535775,0.9988194704055786,1.0068278312683103,0.1022340269701089,3.8104975195601583
M4,7.0,2025,1,-0.49585464490130166,0.368745744228363,0.01630823846354344,0.18075306777044292,1.000253438949585,0.95029479265213,0.1074472398322541,3.16380681656301
M4,7.0,2025,2,-0.47050226242416354,0.2610104084014892,0.015209932894207837,0.16369712088745741,1.0028388500213623,0.9862862825393676,0.154583574127173,2.848638347350061
M4,7.0,2025,3,-0.5126728066187701,0.4686335325241089,0.01517810060528109,0.16831000618877767,1.0023274421691897,0.9542886018753052,0.1203834604675648,2.0934819197282195
M4,7.0,2025,4,-0.001737725186388579,-2.384185791015625e-07,0.021121254,0.24815522020070271,1.0024561882019043,0.8704357743263245,0.1968762851029168,0.303871136624366
M4,7.0,2026,0,-1.5361517472811412,0.3613432049751282,0.017672456441226576,0.19181322036041312,0.9994255900382996,0.9207507371902466,0.1019734633009648,1.298811748623848
M4,7.0,2026,1,-1.7961440593054998,0.3342505097389221,0.017139149613969333,0.18617677444899916,0.9990903735160828,0.9234161376953124,0.1211272889340762,1.451921739149839
M4,7.0,2026,2,-1.540966398772836,0.4724132418632507,0.01672490795349233,0.17942693083209113,0.9982178211212158,0.9967916011810304,0.1522474404919194,1.6584373032674191
M4,7.0,2026,3,-1.4031250219938094,0.2820990085601806,0.018994719820102215,0.19980477068249575,1.000308871269226,0.9453666806221008,0.1250766311859479,1.0825423216447234
M4,7.0,2026,4,-1.6585570983017526,0.3597627878189087,0.01751448707989779,0.19008614379258945,0.9998630285263062,0.9637531638145448,0.2002700385637581,1.0704162153415382
M5,1.0,2021,0,-0.5414147618682056,-0.4685331583023071,0.01623591966524702,0.17468677631228705,0.9973531365394592,0.931910753250122,0.1189655416164896,0.0061195631424197
M5,1.0,2021,1,-0.7031561275357079,-3.968616008758545,0.015786710469165244,0.1717055156649276,0.999598264694214,0.9809831976890564,0.1923708142567193,0.0039362515453831
M5,1.0,2021,2,-0.5778471554361373,-1.3616530895233154,0.016365755414480408,0.17411510461030663,0.9979055523872375,0.9648229479789734,0.2317176906835811,0.0440921275294385
M5,1.0,2021,3,-0.7627495903985058,-1.024897813796997,0.016095269166098807,0.17875148896667375,1.0002706050872805,0.8891264796257019,0.0865532169809739,0.0040883395558921
M5,1.0,2021,4,-0.6718549528357524,-2.547372817993164,0.015954742283986374,0.17794191532687392,0.998968541622162,0.8733697533607483,0.1759742100111907,0.0023108394489099
M5,1.0,2022,0,-0.19697621571347498,0.691936731338501,0.01607462907649063,0.17639014586882454,1.0013455152511597,0.9102124571800232,0.1170825308945495,0.0621025138534605
M5,1.0,2022,1,-0.05602187872745312,0.9277071952819824,0.015909917838330494,0.1736168414608177,0.999862551689148,0.9337159395217896,0.1733646849861543,0.2291154316626489
M5,1.0,2022,2,-0.23087250323271225,0.6929237842559814,0.016107219659454854,0.17899521367919505,1.0007580518722534,0.9739392995834352,0.1924731238541426,0.0487305582500994
M5,1.0,2022,3,-0.2027566649235493,0.6377500295639038,0.01598011887308347,0.17089760567504259,1.0000602006912231,0.9298475980758668,0.0883547795947379,0.0152691840776242
M5,1.0,2022,4,-0.20564243659453255,0.6759535074234009,0.015843407108006812,0.1725556407714012,0.9991680383682252,0.9003134369850159,0.1543208189614233,0.0400773727451451
M5,1.0,2023,0,-0.5078629405575676,0.5160630345344543,0.01614182520408859,0.17840420204695487,1.0010048151016235,0.92737478017807,0.1387880512156698,0.0177592276013456
M5,1.0,2023,1,-0.8503492060268149,0.4468368291854858,0.016407584112095402,0.1818957873056857,1.0014684200286863,0.9505121111869812,0.1767547043691593,0.0079054874804569
M5,1.0,2023,2,-0.5683846479786315,0.4124690890312195,0.01632888178926746,0.1815493322109242,0.9988083243370056,0.9805989861488342,0.2299280603365332,0.00608469445433
M5,1.0,2023,3,-0.879903241560447,0.5155010223388672,0.01735708006132879,0.1905873183294293,0.9974955916404724,0.9359304308891296,0.097838102003152,0.0162426789465826
M5,1.0,2023,4,-0.47838705483652666,0.5242218971252441,0.01669805286218058,0.1858937460072402,0.9994362592697144,0.939647138118744,0.1712821741093648,0.0106833432510029
M5,1.0,2024,0,-0.7772489044897805,0.6265413761138916,0.022777156730664397,0.24351322102587308,0.9995426535606384,0.9453765153884888,0.1223438960878411,0.0120961558423005
M5,1.0,2024,1,-0.47477790454380353,0.6086729764938354,0.017650625930494036,0.18613019225138416,0.9976021647453308,0.9492968320846558,0.1601656502571131,0.0074055113800568
M5,1.0,2024,2,-0.49571241075379274,0.7222847938537598,0.01675928715247019,0.18061602460870954,0.9980276823043824,0.9351435899734496,0.2274466640647006,0.0694897483335807
M5,1.0,2024,3,-0.5330533877751287,0.6092702150344849,0.017380845573253832,0.18479012224499575,0.9974402785301208,0.9141692519187928,0.0851222661658539,0.1252567098708823
M5,1.0,2024,4,-0.4773816396268101,0.7134590744972229,0.016949068685349233,0.18074329382719337,0.9991893768310548,0.9636743664741516,0.1743799593969015,0.0474065049784258
M5,1.0,2025,0,-0.2199319801094991,0.4321895837783813,0.015385750708688245,0.17225722356793016,0.9997615814208984,0.9656213521957396,0.1247245575359556,1.819794153328985
M5,1.0,2025,1,-0.11402917954137824,0.8445000052452087,0.01644067945110733,0.184071425481793,1.0008544921875,0.9370059370994568,0.1789837584656197,0.7209540838375688
M5,1.0,2025,2,-0.20340767314933633,0.7038758993148804,0.015853279174616694,0.17648913303875638,0.9986318945884703,0.9871017932891846,0.1897813295945525,0.7530097896233201
M5,1.0,2025,3,-0.217099253526132,0.3247576355934143,0.01567491269488927,0.17186460218803237,1.0004128217697144,0.955692708492279,0.0919326833536615,1.8379203244112432
M5,1.0,2025,4,-0.21755250115613922,0.2164512276649475,0.0164175876362862,0.180865156183454,1.0028681755065918,0.9475309252738952,0.1529124751104973,2.027617930434644
M5,1.0,2026,0,-0.17676293433626425,0.2755389213562011,0.01894967240630324,0.2241052890758092,0.9984981417655944,0.9156347513198853,0.1242454435123363,0.1482939829002134
M5,1.0,2026,1,-0.010695969835050672,0.0,0.01890140389097104,0.23894192697242334,0.9978999495506288,0.8082011938095093,0.160540632714401,0.1130226862151175
M5,1.0,2026,2,-0.7067425242883789,0.1076879501342773,0.01995886412180579,0.226031171808454,0.9996617436408995,0.9286884069442748,0.1952660464885411,0.2215389540651813
M5,1.0,2026,3,-0.06076813140151042,0.1993616819381714,0.01896104591908007,0.22063907447827938,0.998348593711853,0.9062487483024596,0.086093038546096,0.1108968700864352
M5,1.0,2026,4,-1.3265195416835545,0.3150515556335449,0.019621088052810903,0.21698861065268313,0.999315857887268,0.925853669643402,0.168756317194493,0.3349524212535471
M5,3.0,2021,0,-0.6445294070284452,-0.7956722974777222,0.0158255910362862,0.17278855175947616,0.9973748326301576,0.9228073358535768,0.1207067259965697,0.0024456048995489
M5,3.0,2021,1,-0.7010887630753461,-5.248601913452148,0.01607223597291312,0.17685243258890546,0.999714195728302,0.9569408893585204,0.1919799359093303,0.0044598627609957
M5,3.0,2021,2,-0.6783642922186973,-0.3848359584808349,0.016211167910902897,0.17272699671262776,0.9978408813476562,0.9607713222503662,0.231604194297688,0.0021438894764287
M5,3.0,2021,3,-0.7683039845762302,-2.400592088699341,0.01629157087734242,0.1800010980089438,1.00034761428833,0.898955225944519,0.0868590621103067,0.0056078111083479
M5,3.0,2021,4,-0.692859413473529,-3.83760929107666,0.015831842059454856,0.17393896567557496,0.9990931749343872,0.8838509321212769,0.1758246287572547,0.0043049273808719
M5,3.0,2022,0,0.05180794284940781,0.9480514526367188,0.016821967032367973,0.17833432875053237,1.001331448554993,0.9541767835617064,0.1171320199937326,0.1461726825218647
M5,3.0,2022,1,-0.2136328036577982,0.4494315385818481,0.015852336779045993,0.17515384602587308,0.9999120831489564,0.912116765975952,0.1750492941664561,0.0065387558133807
M5,3.0,2022,2,-0.2621107283199057,0.6626254320144653,0.01623045462197615,0.1776355957863075,1.0006428956985474,0.994781494140625,0.1928176246001385,0.03298187936889
M5,3.0,2022,3,-0.22064588890368123,0.7030943632125854,0.015664103088245316,0.16894323293760646,1.0000709295272827,0.940256893634796,0.0881165943392261,0.0489818162750452
M5,3.0,2022,4,-0.18532404745254646,0.8609627485275269,0.016085069714991483,0.17587774169505963,0.999104380607605,0.9187389612197876,0.1548557956339209,0.2132000438868999
M5,3.0,2023,0,-0.4690311340903911,0.3797395229339599,0.0158355423241908,0.17540609694420783,1.0010162591934204,0.9341034889221193,0.1405810084725089,0.0111996480263769
M5,3.0,2023,1,-0.4934165561016414,0.1265032887458801,0.01626794539386712,0.17795751204482538,1.0014828443527222,0.934635043144226,0.177506766276565,0.0043320391632732
M5,3.0,2023,2,-0.68853755551668,0.5792043805122375,0.021333726204770018,0.24096908439363288,0.9990484118461608,0.9927770495414734,0.230579542225314,0.0271665119216777
M5,3.0,2023,3,-1.2757413244125586,0.3259571194648742,0.016470870603407153,0.18067737169931858,0.9976252317428588,0.9845293164253236,0.0977453370687726,0.013207509618951
M5,3.0,2023,4,-0.4279653341644261,0.3681506514549255,0.016898555468313457,0.18726584127448892,0.999415159225464,0.9620767831802368,0.1715965337025409,0.0075336228328524
M5,3.0,2024,0,-0.2670910985953154,0.7406028509140015,0.017853907134582625,0.20299731486903747,0.999594271183014,0.934707760810852,0.1238609444772009,0.0484259949298575
M5,3.0,2024,1,-0.40076881119096097,0.728014349937439,0.016599316591993186,0.17421471564895655,0.99764084815979,0.9811356663703918,0.1642679703654721,0.0114365896151866
M5,3.0,2024,2,-0.37736362086853337,0.7404285669326782,0.016729832753321978,0.17928863993292163,0.9978927969932556,0.9367420077323914,0.2277107268564577,0.0649970965459942
M5,3.0,2024,3,-0.3543946862830011,0.7419956922531128,0.016612224624701875,0.180944179554408,0.99730384349823,0.9361582398414612,0.0854771720732969,0.0334527494269423
M5,3.0,2024,4,-0.44859547732838984,0.6828761100769043,0.016905582405792163,0.1814399472290247,0.9990217089653016,0.9844125509262084,0.1744930264467257,0.0294937899452634
M5,3.0,2025,0,-0.13254298119975516,0.3487776517868042,0.015384306947189095,0.16835138948040887,1.000051975250244,0.9738946557044984,0.1262976869911654,2.003628460690379
M5,3.0,2025,1,-0.052016436038269095,0.4442242980003357,0.01671089774684838,0.1821977397652257,1.0003023147583008,0.9363284707069396,0.1795033353264443,0.7617211742326617
M5,3.0,2025,2,-0.12188066199447269,0.3892002701759338,0.015838156217206134,0.17381107258837308,0.9994248151779176,0.988982617855072,0.1956501766107976,1.777540662325919
M5,3.0,2025,3,-0.055142980621051954,0.8446518778800964,0.015706177264224873,0.1694963965342845,1.0007814168930054,0.9506083726882936,0.0927628115750849,1.217084583826363
M5,3.0,2025,4,-0.16794781790478266,0.2593796253204345,0.015852730140545144,0.17496003081079642,1.002998948097229,0.96572744846344,0.1644919120153645,3.250841189175844
M5,3.0,2026,0,-1.061298699049974,0.280384361743927,0.01998450387819421,0.22560756494889267,0.9988757371902466,0.943349301815033,0.1217584595797234,0.2033470555907115
M5,3.0,2026,1,-1.5008593865716275,0.3814131021499634,0.019840744489778534,0.21564479743398637,0.9984993934631348,1.0007117986679075,0.1788157644768944,0.5695617916062474
M5,3.0,2026,2,-0.2815991504025825,0.119799792766571,0.019373598586882455,0.22556950895709113,0.9997189044952391,0.9299508929252625,0.2067916370579041,0.2784271311247721
M5,3.0,2026,3,-0.08562922904194925,0.2480865716934204,0.018848065104770016,0.2190762833395443,0.9985565543174744,0.9135902523994446,0.0861782101492281,0.2491881634341552
M5,3.0,2026,4,-0.01237744732650419,0.3973298668861389,0.01879350704173765,0.21637035675308774,0.9994024634361268,0.920607328414917,0.1753998882486485,0.1402287043747492
M5,7.0,2021,0,-0.5161280018710602,-1.1276471614837646,0.0157240278516184,0.17185337255110733,0.9974885582923888,0.9279255867004396,0.1239209018349356,0.0358142231125384
M5,7.0,2021,1,-0.6363782854258913,-2.612920045852661,0.015684583922146507,0.17037085252076234,0.9998008012771606,0.9709448218345642,0.1903223693734617,0.0049033521208912
M5,7.0,2021,2,-0.4769312261113519,-0.0083937644958496,0.015799196730494038,0.16763664388575383,0.9976758360862732,0.9678139686584472,0.2311620238724572,0.0021403742903203
M5,7.0,2021,3,-0.7058662720392672,-1.3238284587860107,0.01657375170221465,0.1826681367786414,1.0005422830581665,0.893123984336853,0.0875648937944788,0.0259652438107877
M5,7.0,2021,4,-0.7314456051415439,-1.5494818687438965,0.01592998232827939,0.17648830121379896,0.998959183692932,0.8713653087615967,0.1755682203147444,0.0028024635284964
M5,7.0,2022,0,-0.2659292549047194,0.5256047248840332,0.015750392938500852,0.1745961073919293,1.0013060569763184,0.9454420804977416,0.1174191972131666,0.014413872238947
M5,7.0,2022,1,-0.24531059269198363,0.216543436050415,0.01567297735826235,0.173271426147253,0.9997687935829164,0.9429075121879578,0.1764600876558688,0.0104803767462726
M5,7.0,2022,2,-0.21006805293604705,0.7417570352554321,0.015703901561839862,0.17050685590129896,1.000379204750061,0.9876906871795654,0.1939722699244157,0.2809371845796704
M5,7.0,2022,3,-0.25395373540598853,0.7144207954406738,0.015765347866098806,0.16988111557708688,1.0002820491790771,0.9542371034622192,0.0872304696986248,0.0470678362762555
M5,7.0,2022,4,-0.26984793039156185,0.6815507411956787,0.0158975863649063,0.17330719462042163,0.9990686774253844,0.9138073325157166,0.1571369707889971,0.0718754105037078
M5,7.0,2023,0,-0.9188774051414438,0.3869465589523315,0.015634601518398638,0.1733631348488075,1.001137375831604,0.9816856384277344,0.140809184515092,0.0261737262480892
M5,7.0,2023,1,-0.5592279273769112,0.2968940138816833,0.016245104072913116,0.17778428449744463,1.001529574394226,0.9660586714744568,0.1764198932469298,0.0108018485188949
M5,7.0,2023,2,-0.4181868005448752,0.3138729929924011,0.015871368881260648,0.17343758318249575,0.9994723200798036,1.001888871192932,0.2310510460010846,0.0136938988580368
M5,7.0,2023,3,-1.187115971030734,0.0893792510032653,0.016330379600851787,0.18123199098967205,0.9978501200675964,1.0121667385101318,0.0970694740972248,0.0177726926340255
M5,7.0,2023,4,-0.5028551899188625,0.2949309349060058,0.015990902707325384,0.175834902709753,0.9994155764579772,0.9904707670211792,0.1715244581500883,0.01552359276684
M5,7.0,2024,0,-0.15393585494673434,0.726586103439331,0.01649732236269165,0.17986114345985946,0.999623715877533,0.9613451361656188,0.1282000343489926,0.0314597419928759
M5,7.0,2024,1,-0.0112712915345798,-0.0158866643905639,0.021271088504258944,0.24863913436967633,0.997700333595276,0.9149209856987,0.1710265431393054,0.005765378155047
M5,7.0,2024,2,-0.3879167565495233,0.7163286209106445,0.0163905305274276,0.17523848421528962,0.9976427555084229,0.9725231528282166,0.2268809295819664,0.3110048617236316
M5,7.0,2024,3,-0.17453608957628577,0.6649781465530396,0.015996227285860306,0.17315081152842846,0.9974307417869568,0.9412811994552612,0.0863210102324956,0.0426242260145954
M5,7.0,2024,4,-0.22245538082398994,0.6405318975448608,0.01640327821192504,0.17640303915566438,0.9991240501403807,1.0029692649841309,0.1744567659698077,0.2418143227696418
M5,7.0,2025,0,-0.0234585947641116,0.6892635226249695,0.015556096335264056,0.16939221045836883,1.0004477500915527,0.978169858455658,0.1339317687088623,1.042574473656714
M5,7.0,2025,1,0.030056256350301194,0.1769660711288452,0.01636323375519591,0.17865894844016184,0.9994617104530334,0.955013394355774,0.1876247668988071,2.873014586046338
M5,7.0,2025,2,-0.03628447088309813,0.8423946499824524,0.016287176527938672,0.18010611590981687,1.0006886720657349,1.0177583694458008,0.2364171274239197,1.0415860582143068
M5,7.0,2025,3,0.021878749893714865,0.8662844300270081,0.015523198296422486,0.1654443692104983,1.0017040967941284,0.9789860844612122,0.0957428713154513,1.006129858084023
M5,7.0,2025,4,-0.0024787649588446812,0.0,0.020640320873935265,0.2410291837468058,1.0032693147659302,0.8545109033584595,0.1757746129005681,0.3129908014088869
M5,7.0,2026,0,-1.2718565953448033,0.2853380441665649,0.019880263893526408,0.20920792795730409,0.9998329877853394,0.9769660234451294,0.1209502432902809,0.4049492855556309
M5,7.0,2026,1,-1.309945640104999,0.2825477719306946,0.019835954517887566,0.2111298595214012,0.9992331266403198,1.022207498550415,0.1816635987488553,0.4368411912582814
M5,7.0,2026,2,-0.4695253662600022,0.1066877245903015,0.019649031178875637,0.2176355625133092,0.9994913339614868,0.933351755142212,0.2401476916857063,0.2070948653272353
M5,7.0,2026,3,-0.4622507529932961,0.1652381420135498,0.019669709472742762,0.21430597516503408,0.9987515807151794,0.9511063694953918,0.0899961502873338,0.2862664128188044
M5,7.0,2026,4,-0.32152205837646175,0.3724039793014526,0.019383515729982963,0.20967603745208688,0.9996131658554076,0.9371761679649352,0.1808936010056641,0.1695289658382535
M6,1.0,2021,0,-0.4198947296028852,-0.1221719980239868,0.01575505383168654,0.17430039361956984,1.00019109249115,0.9216215014457704,0.1706054551978013,0.0046733565250178
M6,1.0,2021,1,-0.47780963976500995,-0.1017190217971801,0.015481892216183984,0.16381586390012776,1.001083493232727,1.006622076034546,0.1102199211563856,0.0043613493544398
M6,1.0,2021,2,-0.4300222906587071,0.4806932210922241,0.015344872644463372,0.1685004941040247,0.99902081489563,0.9695864319801332,0.1319685211747128,0.0061840322305215
M6,1.0,2021,3,-0.628268292246726,-0.2855116128921509,0.015252591453833047,0.16832913816279813,0.9984170198440552,0.9066359400749208,0.1586693479330279,0.0044297570930211
M6,1.0,2021,4,-0.5776677656620487,-0.8841819763183594,0.015439875039011928,0.1698946327326448,1.0010857582092283,0.95927757024765,0.1626681744601228,0.0176186132302973
M6,1.0,2022,0,0.3241583807504969,0.800269365310669,0.017070650021124362,0.18350183334220613,0.9988108277320862,0.8471445441246033,0.1561643282511795,0.0524352852371521
M6,1.0,2022,1,0.6481568302572078,0.959854245185852,0.018129891871379897,0.21680685689948892,1.0001295804977417,0.89480060338974,0.110020687458018,0.0117752081132493
M6,1.0,2022,2,0.6006680926025625,0.9536752700805664,0.018299853220954003,0.20619006701181858,1.002179503440857,0.9566025137901306,0.1379217890389554,0.0186703640501946
M6,1.0,2022,3,0.4879436683817251,0.9653480052947998,0.017831010633560476,0.1998848338346465,0.9994789361953736,0.8666968941688538,0.1568743555362743,0.0387243086588569
M6,1.0,2022,4,0.5187538634776256,0.9626836776733398,0.01766642805434412,0.19874086656196763,1.0013856887817385,0.926586925983429,0.1675068236982042,0.0396364101325161
M6,1.0,2023,0,-0.42740082497084975,0.6233536005020142,0.018351731776490632,0.20259949458315588,1.0001819133758545,0.8714799284934998,0.1674716885572706,0.0466898398008197
M6,1.0,2023,1,-0.1233026382261078,0.6327271461486816,0.01654204242964225,0.18406872205068142,1.000145435333252,0.9285322427749634,0.108628153342579,0.0265776467276737
M6,1.0,2023,2,-0.420344640895902,0.3844115734100342,0.017134972175298125,0.189295078258092,0.9972015023231506,0.9276151061058044,0.1466867016351898,0.0054857716895639
M6,1.0,2023,3,-0.12674141498806124,0.6467087268829346,0.01701291366916525,0.18908795384369675,1.0017558336257937,0.9047472476959229,0.1583278295765922,0.0252497557085007
M6,1.0,2023,4,-0.456901262322317,0.6437282562255859,0.017768558913798978,0.19755343643526405,0.9985661506652832,0.9086750745773317,0.1877449444000376,0.0535977941472083
M6,1.0,2024,0,-0.1800593494150464,0.800182580947876,0.016680468365417377,0.1812633923818143,1.0011295080184937,0.967001736164093,0.1691621512036363,0.0307897592429071
M6,1.0,2024,1,-0.10928952369007584,0.7865016460418701,0.016344298588926744,0.1773440411387351,1.0011481046676636,0.9339759945869446,0.1098886016043252,0.0573728376766666
M6,1.0,2024,2,-0.05401229025761151,0.7650793790817261,0.015552370454855195,0.16558037259103492,1.0001426935195925,0.981258511543274,0.1702995157793339,0.0984942124923691
M6,1.0,2024,3,-0.2667543331646635,0.8042098879814148,0.017103664237989778,0.18525739991482112,0.9997792840003968,0.8978637456893921,0.1636972133346717,0.3151212288066745
M6,1.0,2024,4,-0.14189336592334703,0.791228175163269,0.016516832142930152,0.17892284490790034,0.998834788799286,0.9442717432975768,0.1908276026297244,0.1309576940257102
M6,1.0,2025,0,-0.12983476658696008,0.3477048873901367,0.016503175172402046,0.18345400340715504,1.0005570650100708,0.9127311706542968,0.1664858181902673,2.501514653675258
M6,1.0,2025,1,-0.05739539008733564,0.6335623264312744,0.01601270747546848,0.1739229530451448,0.998090386390686,0.980146825313568,0.1140974468871718,1.2218940081074834
M6,1.0,2025,2,-0.06194026029495811,0.840085506439209,0.01640219844173765,0.18038124201448041,0.9999834895133972,0.9297144412994384,0.1388069708045805,1.209904565475881
M6,1.0,2025,3,-0.16320680130076368,0.6009429097175598,0.01651173786115843,0.18479573706345825,0.9992034435272216,0.9509841203689576,0.1561063522822223,1.3090713494457304
M6,1.0,2025,4,-0.09273057424636269,0.1227906942367553,0.016796096453492334,0.18473355814789183,1.0017894506454468,0.9512578845024108,0.1960682185454061,1.4762243556324393
M6,1.0,2026,0,-0.5477855250213987,0.3223503828048706,0.019843984580919932,0.23566370481526833,0.999135673046112,0.8616294860839844,0.1655272151838289,0.1282164333970286
M6,1.0,2026,1,-0.013465528086056295,0.4634729027748108,0.01804036630681431,0.20235951308294292,0.9997901320457458,0.938018262386322,0.1136096939808339,0.7997878892347217
M6,1.0,2026,2,0.012665434834091993,0.8035235404968262,0.01890991759028961,0.2196373492733177,1.0007818937301636,0.8863435983657837,0.1365408097917679,0.0813407208188436
M6,1.0,2026,3,-0.06109599665035787,0.2079726457595825,0.01893768634156729,0.21679126018153747,1.000464916229248,0.9663861989974976,0.1593337281810818,0.2021852171164937
M6,1.0,2026,4,-0.18900964907933743,0.3535720109939575,0.019244044974446338,0.2237110040459966,0.9992347359657288,0.9521411657333374,0.196770236158045,0.2016014158725738
M6,3.0,2021,0,-0.4735314005278241,0.1255553364753723,0.015512668693185691,0.1698235116987862,1.000269055366516,0.9526638388633728,0.1747092469049675,0.0191061911755241
M6,3.0,2021,1,-0.2424515277604228,0.3544492721557617,0.015170929930664396,0.16235767474978705,1.0010323524475098,1.007015824317932,0.1097236362802505,0.0027462711914267
M6,3.0,2021,2,-0.4489762064139319,0.5465551614761353,0.015519916416695057,0.1654917832330707,0.999194324016571,0.9643157720565796,0.1361726689938223,0.0025888820055115
M6,3.0,2021,3,-0.5470568920522166,-0.2663561105728149,0.015217650788926746,0.16827007859082196,0.9985088109970092,0.9094117879867554,0.1588066841432009,0.0052969317766837
M6,3.0,2021,4,-0.6218027180057571,-0.5344878435134888,0.015252851280408859,0.16875752801586458,1.0013848543167114,0.972138285636902,0.162803148603416,0.0033189748719451
M6,3.0,2022,0,0.5077295786680517,0.959761083126068,0.017872838404429305,0.1983110210152257,0.9986083507537842,0.8692569732666016,0.1565406526951847,0.0422567492933012
M6,3.0,2022,1,0.6233953834595428,0.9647987484931946,0.018245956254855197,0.20700920663862862,1.0001591444015503,0.9022096991539,0.1097166455683691,0.0399333356181159
M6,3.0,2022,2,0.504410054046007,0.9620261788368224,0.017198544101362862,0.1840258830653748,1.0022624731063845,0.9608386754989624,0.1401407547891722,0.1109266625717282
M6,3.0,2022,3,0.30447827997971233,0.8080623149871826,0.015954310298977852,0.17290563112223167,0.999538004398346,0.8718327879905701,0.1566104300472943,0.0820381754310801
M6,3.0,2022,4,0.5865960033829412,0.9625889658927916,0.018219438719931855,0.1995695721757879,1.001329779624939,0.9355978965759276,0.1692700997809879,0.0225306098582223
M6,3.0,2023,0,-0.12370664297620523,0.6172149777412415,0.01661147946132879,0.18004726429408008,1.0003111362457275,0.879690945148468,0.1701228608089877,0.0253133609658107
M6,3.0,2023,1,-0.5673757022852792,0.5818547606468201,0.01717479436081772,0.18677880776192504,1.000299334526062,0.9679524302482604,0.1081303145074343,0.0245122038759291
M6,3.0,2023,2,-0.3359163139504103,0.5589673519134521,0.015961474101362862,0.17680335491641821,0.9972403049468994,0.9377419352531432,0.1558514004427706,0.023402159102261
M6,3.0,2023,3,-0.02383622359579629,0.634541392326355,0.016125551344463376,0.18062288716460817,1.0018837451934814,0.912090539932251,0.1648058759783452,0.0361353253247216
M6,3.0,2023,4,-0.36885008454525897,0.5704989433288574,0.0187125988241908,0.20318052431590716,0.998612642288208,0.9342801570892334,0.1907982306656777,0.0119398255192209
M6,3.0,2024,0,0.016418923409671556,0.8082925081253052,0.016872216749744463,0.18297216880057496,1.0012282133102417,0.94874507188797,0.1748616786098864,0.4922703583724797
M6,3.0,2024,1,-0.12486735113231652,0.7949714660644531,0.01643187311908007,0.1754880317025128,1.0011093616485596,0.9521806836128236,0.1097652370226569,0.268331890925765
M6,3.0,2024,2,-0.05260775879253927,0.8026268482208252,0.015672491082282795,0.1697216131415034,1.000053882598877,0.9688411355018616,0.1688612697944336,0.2795307745691389
M6,3.0,2024,3,-0.06519588894088589,0.8348082304000854,0.015886834007155026,0.1764069903242121,0.999871015548706,0.9142987132072448,0.1698180098755983,0.0281807979918085
M6,3.0,2024,4,-0.08660488792741115,0.8143928647041321,0.016517524673764907,0.17902911054620954,0.9989731907844543,0.9609494805336,0.1886797139995906,0.1255468351300805
M6,3.0,2025,0,-0.14679556871800853,0.3938525915145874,0.016561024112265756,0.188077910389161,1.0009377002716064,0.938223123550415,0.1767831734323408,2.1051088739186525
M6,3.0,2025,1,0.010310255384526424,0.8731344938278198,0.015803362623850084,0.17022029220347104,0.9981040358543396,0.9776546359062196,0.11517438696319,1.0641041127964854
M6,3.0,2025,2,-0.090508868584641,0.3742852807044983,0.015921741529131173,0.1730039944234455,0.9998362064361572,0.9236593842506408,0.1645331530453404,2.2090304531157017
M6,3.0,2025,3,-0.1627727287997582,0.2945219874382019,0.016230984491482112,0.1783320412318995,0.9996044635772704,0.9693810939788818,0.1560293706716038,1.8179566422477365
M6,3.0,2025,4,-0.03993339321276195,0.4348047971725464,0.015711615440374787,0.17205716966567292,1.0021792650222778,0.974963128566742,0.195332952440367,2.0999818928539753
M6,3.0,2026,0,-0.12558923121002302,0.5578824281692505,0.019255262054514482,0.21904758537851363,0.999487280845642,0.9189212918281556,0.1659100299875717,0.2182188229635357
M6,3.0,2026,1,-0.047120766603154667,0.3295608162879944,0.01804198430477002,0.20140000299456984,0.9996444582939148,0.9285479187965392,0.1140449517261004,0.9767467421479524
M6,3.0,2026,2,-0.015191371335284674,0.8613448739051819,0.018786992296422486,0.21412650893047275,1.000848412513733,0.9081248044967652,0.139160576807626,0.1870998400263488
M6,3.0,2026,3,0.023026831917705895,0.4109793305397033,0.018059979466780236,0.20170569866641821,1.0008671283721924,0.9614369869232178,0.1576858709449879,0.7372959703207016
M6,3.0,2026,4,-0.19312065839767456,0.3270459175109863,0.019026647147359455,0.2191328474366482,0.9988966584205629,0.9552486538887024,0.1984807872067904,0.1844007051549852
M6,7.0,2021,0,-0.4318885493522202,0.1299577951431274,0.015314172690289608,0.16849321563564737,1.0003470182418823,0.942529022693634,0.1809461562443175,0.0538322500651702
M6,7.0,2021,1,-0.45660112216890975,0.0726311206817627,0.014925229513969338,0.15934459679780663,1.0010855197906494,1.017301321029663,0.1108783084710012,0.0075280217715771
M6,7.0,2021,2,-0.3647485985666564,0.4700857400894165,0.015528048307666098,0.16968272532474446,0.9993723034858704,0.9527046084403992,0.1514866142824757,0.0270848291111178
M6,7.0,2021,3,-0.5759441969341882,-0.0905287265777587,0.015237482610732538,0.16960952472849233,0.9985868334770204,0.9124556183815002,0.1610022895984002,0.0030908964617992
M6,7.0,2021,4,-0.44129736358506105,-0.0770422220230102,0.015249640728790457,0.1671652070911414,1.0015608072280884,0.9676128029823304,0.1637997755242395,0.0060457913059508
M6,7.0,2022,0,0.41407330813968407,0.9532589316368104,0.01772954272504259,0.18901308959752983,0.998571515083313,0.8703437447547913,0.1572687107727688,0.1170014538802206
M6,7.0,2022,1,0.5866329716661314,0.9569764733314514,0.017993255648892675,0.19939468097849233,1.0003130435943604,0.8955556154251099,0.1090309862502181,0.060033620102331
M6,7.0,2022,2,0.6258033655165002,0.9587433934211732,0.018089439746507667,0.2008495428290034,1.0020616054534912,0.9650660157203674,0.1452164073525637,0.0226870069163851
M6,7.0,2022,3,0.4188687772929567,0.9525164365768432,0.017090965605792163,0.18331488068302812,0.9995181560516356,0.8960561156272888,0.156354237900814,0.0988318884046748
M6,7.0,2022,4,0.523112636916276,0.9622458815574646,0.017967414966950594,0.19257766749627342,1.0014715194702148,0.9430402517318726,0.1695825842289196,0.0812852859962731
M6,7.0,2023,0,-0.06797020876021767,0.585719108581543,0.016455536113969334,0.1800975897040034,1.000365138053894,0.908946692943573,0.1751196214172523,0.0264850017265416
M6,7.0,2023,1,-0.1767896062470782,0.567742109298706,0.01633843088177172,0.18109515578417804,1.0001431703567505,1.007237195968628,0.1073956622822152,0.0440989455673843
M6,7.0,2023,2,-0.3134106479877101,0.4902940988540649,0.016491314832879047,0.18024856593377342,0.997113049030304,0.9629262089729308,0.1654474000824848,0.0245393835939466
M6,7.0,2023,3,0.02355317413502292,0.5482869744300842,0.01578398282810903,0.17639929594335604,1.0017927885055542,0.932810366153717,0.1810246182867558,0.0381774414563551
M6,7.0,2023,4,-0.13219934539453743,0.5898333787918091,0.016434144208858602,0.18087139487063458,0.9986862540245056,0.933643400669098,0.1933043341850862,0.0410663197981193
M6,7.0,2024,0,0.1994610267359719,0.7820708751678467,0.016123046631686542,0.17123158339544292,1.0013434886932373,0.9709677696228028,0.1835315480784629,0.0238871930341701
M6,7.0,2024,1,0.059730814404950636,0.754103422164917,0.017148669433390117,0.1855160974765758,1.001001000404358,0.9880906939506532,0.1102653998023015,0.0030822990411252
M6,7.0,2024,2,0.1337064113690053,0.7748150825500488,0.015292336023339011,0.16231296415832625,1.0000554323196411,0.9877266883850098,0.1664052395244653,0.0903129287762567
M6,7.0,2024,3,0.10054158737955954,0.7046610713005066,0.015372608152640547,0.17125778588160137,0.9996501207351683,0.9224066138267516,0.1890854616067372,0.0752065570559352
M6,7.0,2024,4,0.12840653664005677,0.7752875089645386,0.015713235748892676,0.17063038190747445,0.999052107334137,0.9680960178375244,0.1859104456962086,0.0760615793988108
M6,7.0,2025,0,-0.011523394507484503,0.7395356297492981,0.017957400211073254,0.20553854011392675,1.001461625099182,0.9128205180168152,0.1967105139337945,1.143823162652552
M6,7.0,2025,1,-0.007042906048756848,0.3065470457077026,0.015362646484497443,0.1645116854770017,0.9985733032226562,0.9998542070388794,0.1159469766280381,3.286414274014533
M6,7.0,2025,2,0.05107538419850234,0.8997974991798401,0.016213535126064733,0.17855101915193783,0.9996486902236938,0.9387239813804626,0.1765060857287608,1.298818815499544
M6,7.0,2025,3,0.05024644138459656,0.8803485631942749,0.016131387015672915,0.17351078377874787,1.0002586841583252,0.9896305203437804,0.1948440369451418,0.8001244897022843
M6,7.0,2025,4,0.005434844116132954,0.6016685962677002,0.01601296974241908,0.17534994875958262,1.0024508237838743,0.980122447013855,0.1996747457887977,3.065483309328556
M6,7.0,2026,0,-0.25635552528160394,0.8295001983642578,0.01883995370613288,0.20845512637084754,0.999807357788086,0.956452488899231,0.1858407915569842,0.1877548093907535
M6,7.0,2026,1,-0.07116462099897394,0.2205153703689575,0.017877250915332196,0.18997613494197188,1.000216364860535,0.943675935268402,0.1177739271224709,1.8618670348078012
M6,7.0,2026,2,-0.12561468026097833,0.4926111698150635,0.018223260017717208,0.19935683294293016,1.0008134841918943,0.9162006974220276,0.1720305605849716,0.6347646112553775
M6,7.0,2026,3,-0.02025125268370776,0.4302253723144531,0.017940081952981263,0.19333899528854345,1.0008275508880615,0.9609997868537904,0.1634213916840963,1.2192380523774773
M6,7.0,2026,4,-0.2910047032357887,0.3901562690734863,0.019246635045144803,0.210646777177385,0.9992021322250366,0.9523270130157472,0.1969212836411316,0.1957476221723482
