strategy,period,n_days,cumulative_return,annualized_return,annualized_volatility,sharpe_ratio,max_drawdown
M1_eta1.0,2021,252,0.1955869859463437,0.19558698594634372,0.12319025212942145,1.5092103307760156,0.06559695834534224
M1_eta1.0,2022,251,-0.022471863950211033,-0.022560375714663183,0.18833346061236034,-0.13330887798863453,0.16143562973381376
M1_eta1.0,2023,250,0.09599943772302472,0.09680346549564489,0.10857518891753629,0.44054463547811257,0.07511449736621234
M1_eta1.0,2024,252,0.264401975271384,0.264401975271384,0.1098016824958241,1.7411698706669547,0.05704691751653889
M1_eta1.0,2025,250,0.153498826814914,0.15481733484619653,0.18455066644922213,0.6514645889861882,0.18128778138334908
M1_eta1.0,2026,113,0.108817608781199,0.2590472379444919,0.12629591528681888,1.602818201811888,0.08028847986927348
M1_eta1.0,2021-2026,1368,1.071491778085319,0.14356985144610301,0.14551275599058372,0.7717703444126754,0.1962153000995953
M1_eta3.0,2021,252,0.18432335650782272,0.18432335650782283,0.11817975619862209,1.4879236195575418,0.06584291527823374
M1_eta3.0,2022,251,-0.029896471533732344,-0.030013775399854392,0.1853793925066077,-0.17969603037339388,0.16203488798487217
M1_eta3.0,2023,250,0.2044103711773514,0.20620377258549594,0.0928508329387833,1.5225855841692766,0.0755140919085508
M1_eta3.0,2024,252,0.23689210925469875,0.23689210925469872,0.09293242884767706,1.8021004946184596,0.044049757461153666
M1_eta3.0,2025,250,0.23362377268860718,0.23569756747316917,0.1982926158476995,0.9614376241098369,0.20955064973699158
M1_eta3.0,2026,113,0.12336657162257747,0.2961862426440187,0.12634719866688457,1.8325359565277737,0.07863821043457976
M1_eta3.0,2021-2026,1368,1.371913845428072,0.17245765815025127,0.14320545897279544,0.9563564558715866,0.20955064973699167
M1_eta7.0,2021,252,0.18255130014689616,0.18255130014689613,0.11526401038126904,1.5096166417726193,0.06564915155227981
M1_eta7.0,2022,251,-0.019854338532605088,-0.019932645857042797,0.18816553350776152,-0.11930280763477845,0.16411797646920523
M1_eta7.0,2023,250,0.14960468092150997,0.15088760209474583,0.11029035422759179,0.8719371000157154,0.08936060253997068
M1_eta7.0,2024,252,0.30730257853464443,0.3073025785346444,0.11744982094994098,1.9195813985330816,0.06559451700353244
M1_eta7.0,2025,250,0.16155140318897607,0.16294383636921594,0.18412153520152014,0.6907528878599379,0.1830496314305577
M1_eta7.0,2026,113,0.06120636793539592,0.14165778587638478,0.0817365289723817,1.2223514907548818,0.052503977650288775
M1_eta7.0,2021-2026,1368,1.1472051207538725,0.1511571052104339,0.1428799232868048,0.8297403908197041,0.18974401178778358
M2_eta1.0,2021,252,0.2795522471655483,0.2795522471655483,0.1231127062762762,2.0618797432606835,0.05825987470524675
M2_eta1.0,2022,251,-0.04607807347847399,-0.046257338653193814,0.22266620135090104,-0.1914408778064883,0.21185375715895377
M2_eta1.0,2023,250,0.14666458160497944,0.1479207050579172,0.11041574720756138,0.8477342659028024,0.09731708920414309
M2_eta1.0,2024,252,0.26493340304328805,0.26493340304328816,0.11220907861578366,1.7100646474420684,0.06686225699347827
M2_eta1.0,2025,250,0.145090029535474,0.14633182664770916,0.16168266546500698,0.6742857879911782,0.16318304562367061
M2_eta1.0,2026,113,0.10094235898393976,0.23919231942423425,0.1394011599707448,1.3504165216915656,0.08563554327896845
M2_eta1.0,2021-2026,1368,1.231922598037084,0.15939217780599102,0.15091043475564814,0.8407142268907892,0.21185375715895374
M2_eta3.0,2021,252,0.22873054714283528,0.22873054714283536,0.10973250336125284,1.9294638728841138,0.04475409944080778
M2_eta3.0,2022,251,-0.05448222145182018,-0.05469323516382307,0.22063894422361402,-0.23548145249744645,0.2089772793547097
M2_eta3.0,2023,250,0.12206439989998882,0.12309870338713513,0.10789327116300602,0.6623290373125422,0.09448234107083203
M2_eta3.0,2024,252,0.24398020148599933,0.2439802014859993,0.10959289857936734,1.5956601563227966,0.06043423089253897
M2_eta3.0,2025,250,0.14983108329605344,0.1511160705471477,0.1585262153851024,0.7110357490944184,0.15886662791329942
M2_eta3.0,2026,113,0.08847774672265114,0.20812220066964726,0.13468630021142852,1.2042989227116505,0.08688246046526697
M2_eta3.0,2021-2026,1368,1.0296035127336425,0.13927450841586242,0.14674974177950173,0.7410517328404591,0.20897727935470964
M2_eta7.0,2021,252,0.20973774002115642,0.20973774002115642,0.09726587952863781,2.003204233973832,0.04040820168226828
M2_eta7.0,2022,251,-0.06346725274634288,-0.06371187892797336,0.224647840052894,-0.2699873625550916,0.21815824222962335
M2_eta7.0,2023,250,0.10539335857048114,0.10627980820635519,0.10380508582340471,0.53883591414305,0.08842267692303035
M2_eta7.0,2024,252,0.25787637039284317,0.25787637039284306,0.1128563376120263,1.6512872567795738,0.07531678200912778
M2_eta7.0,2025,250,0.18202644142629623,0.18360886469208904,0.16509663199182958,0.8576925477378782,0.16403229460948351
M2_eta7.0,2026,113,0.07484403794968703,0.1746355255915495,0.12627625044804835,1.0531801742106641,0.08500534800399394
M2_eta7.0,2021-2026,1368,1.001435738292821,0.13634525815564924,0.14688210711642444,0.7229635518069729,0.21815824222962324
M3_eta1.0,2021,252,0.21457801818557534,0.21457801818557543,0.11364488624121391,1.7648605965032655,0.053973735885999644
M3_eta1.0,2022,251,-0.08999001646251999,-0.09033183940423206,0.22369187711136768,-0.4010073091141229,0.22842076014309845
M3_eta1.0,2023,250,0.15477049528508235,0.1561006475317841,0.10435290059424665,0.9588655422586353,0.0797151913508923
M3_eta1.0,2024,252,0.24171268408261565,0.2417126840826156,0.1074695144177615,1.6079909780329251,0.05210101670309668
M3_eta1.0,2025,250,0.1562738603840147,0.1576177929920659,0.1664715977151313,0.7184110316522517,0.164898061183667
M3_eta1.0,2026,113,0.07470249800158621,0.17429060141694142,0.1300869506725127,1.0237841862771027,0.08805742674240144
M3_eta1.0,2021-2026,1368,0.9694154304910936,0.13297424012825787,0.14866536538253072,0.6960793896518463,0.22842076014309845
M3_eta3.0,2021,252,0.21003982183549527,0.2100398218354953,0.11298012504232617,1.7414260224998432,0.050957473720268216
M3_eta3.0,2022,251,-0.09255752414043365,-0.09290859343689017,0.21372541724351798,-0.44317239091624366,0.21987399877203379
M3_eta3.0,2023,250,0.13155109274019475,0.13267042722158706,0.10416822315943317,0.7637136532102873,0.08395380435936134
M3_eta3.0,2024,252,0.21953381130832378,0.21953381130832383,0.10610674559272414,1.4572548501357718,0.058983985692066275
M3_eta3.0,2025,250,0.14789937017858928,0.14916674078627468,0.16548297281469423,0.6774025372285859,0.1626560397921827
M3_eta3.0,2026,113,0.08637892051903726,0.20293330894774342,0.12649256959514554,1.239890082792222,0.08846838015154981
M3_eta3.0,2021-2026,1368,0.8896089126192605,0.12437354436069747,0.14518902604018225,0.656682425890947,0.2198739987720338
M3_eta7.0,2021,252,0.12968160275240756,0.12968160275240748,0.07025252519676968,1.7661702162235668,0.02972611301859849
M3_eta7.0,2022,251,-0.09970518480066293,-0.10008184169473455,0.21344643818556253,-0.48124635990174464,0.22827866617643683
M3_eta7.0,2023,250,0.1579036223079933,0.15926251170002392,0.11214404415788679,0.9240956047689353,0.07504180321087461
M3_eta7.0,2024,252,0.21513423831056214,0.2151342383105621,0.10152370448880298,1.4827097204215114,0.05147722398359836
M3_eta7.0,2025,250,0.13530733094458866,0.1364605110113135,0.15687327709074553,0.6350062426057579,0.1510993378031829
M3_eta7.0,2026,113,0.0794990432765287,0.18601063606544543,0.11275280425172597,1.2508380531901162,0.07358638902080146
M3_eta7.0,2021-2026,1368,0.7537721925755356,0.10902778748058517,0.13777648614601934,0.5846970789096675,0.22827866617643677
M4_eta1.0,2021,252,0.3978941398862528,0.3978941398862528,0.14402528178495655,2.3965679313303796,0.05574417478545165
M4_eta1.0,2022,251,-0.13189963693354276,-0.13238870633806998,0.22701347261137497,-0.6002573594345624,0.2309976717598983
M4_eta1.0,2023,250,0.2150588527575253,0.2169538038128609,0.11684466373509843,1.3074046965617458,0.08146952485924705
M4_eta1.0,2024,252,0.2806958448171842,0.2806958448171841,0.11520270825923216,1.7760286489578812,0.060725128529958386
M4_eta1.0,2025,250,0.17963936115647197,0.18119948601649982,0.17201224415874747,0.817942312009305,0.17105758798714626
M4_eta1.0,2026,113,0.13265555558452405,0.3202099881769809,0.1536278666159859,1.6513114405023337,0.1017975689673063
M4_eta1.0,2021-2026,1368,1.5231010909867515,0.1858795876167949,0.15991509980837115,0.9434264216686848,0.2323757668793518
M4_eta3.0,2021,252,0.3136111208008494,0.3136111208008494,0.1397802003451963,2.0197260812480957,0.062339831126253166
M4_eta3.0,2022,251,-0.10462813750330563,-0.1050222860168265,0.21301562278977249,-0.5083858163227428,0.2075148520091837
M4_eta3.0,2023,250,0.1607631760383083,0.16214835309866293,0.11214459237560434,0.9463009055319104,0.0764533388958501
M4_eta3.0,2024,252,0.23063253065269754,0.2306325306526975,0.10596474582063974,1.5446149866024828,0.05692309208427053
M4_eta3.0,2025,250,0.19951235068791423,0.20125929683476618,0.16730802556097574,0.9369729669570415,0.1543907411109241
M4_eta3.0,2026,113,0.11434103367196544,0.2730767157559417,0.1333475302518747,1.6080420403974534,0.08969254158611183
M4_eta3.0,2021-2026,1368,1.2457691877516206,0.16071381494499382,0.15118125917177458,0.8470185907525518,0.21471439099580505
M4_eta7.0,2021,252,0.2606687458537399,0.26066874585374,0.12623089449683744,1.8960898100263894,0.05748275488477306
M4_eta7.0,2022,251,-0.09060901127041399,-0.0909530660483886,0.2084974527665923,-0.4491662569535075,0.19892020185169765
M4_eta7.0,2023,250,0.16162447316082804,0.16301757921425408,0.11693449359938236,0.9186391835300473,0.09859798099542125
M4_eta7.0,2024,252,0.24039081441482205,0.24039081441482213,0.1045151831903965,1.640223862802043,0.05876863573101097
M4_eta7.0,2025,250,0.20440064401898714,0.20619395301029364,0.1652191394073287,0.9716385134066856,0.16173353898569262
M4_eta7.0,2026,113,0.1416019156256325,0.3435778822704545,0.14516769044965155,1.859970771465981,0.09287972540919001
M4_eta7.0,2021-2026,1368,1.2712325051388305,0.16312699647283435,0.14874937993568485,0.8724430517181722,0.20424443786911425
M5_eta1.0,2021,252,0.2817574020793776,0.2817574020793776,0.12451086385730191,2.053947341811569,0.04904447193550523
M5_eta1.0,2022,251,-0.13677839027323654,-0.1372840824966598,0.23780524647344292,-0.586399558101873,0.26181606439292965
M5_eta1.0,2023,250,0.22245101362829342,0.22441690392659308,0.11872347659941869,1.3401038465588688,0.08321447172522908
M5_eta1.0,2024,252,0.2691637375570515,0.2691637375570515,0.11080349406591992,1.760412603962997,0.05528026857002118
M5_eta1.0,2025,250,0.2245305364072101,0.2265164481136399,0.1691397469730343,1.05179556622596,0.16600053412018057
M5_eta1.0,2026,113,0.10684331726960625,0.2540533419825044,0.116562134487625,1.6925215709868624,0.07485098706343489
M5_eta1.0,2021-2026,1368,1.3266605435179972,0.16830459162730227,0.15623511046230507,0.8664329352964578,0.2618160643929295
M5_eta3.0,2021,252,0.23065557326083053,0.23065557326083042,0.11927050905837346,1.7973654152308738,0.05687854492084312
M5_eta3.0,2022,251,-0.08706954304169412,-0.08740081328797278,0.22677093977729199,-0.37837591445078544,0.22825403170222572
M5_eta3.0,2023,250,0.2007408148239335,0.20249939718610466,0.10612477390358378,1.315585385668701,0.09031621465155093
M5_eta3.0,2024,252,0.25316155519402067,0.2531615551940207,0.11023813946693647,1.6537157157315443,0.055790727559224026
M5_eta3.0,2025,250,0.19123530737586797,0.1929041173660202,0.16227992559522852,0.9180267284784231,0.15521441048104812
M5_eta3.0,2026,113,0.11019096211522957,0.26252754078028606,0.14149502249561166,1.4644058543087555,0.08772574863174432
M5_eta3.0,2021-2026,1368,1.2357631805630285,0.15975942473005222,0.15094185981438246,0.8427694668720487,0.22825403170222586
M5_eta7.0,2021,252,0.2518822007054919,0.25188220070549194,0.11270053576824729,2.047311919206568,0.055186639690916785
M5_eta7.0,2022,251,-0.0943598782698057,-0.09471742102977776,0.21785106129942472,-0.439904323284053,0.23715871530411445
M5_eta7.0,2023,250,0.2127389957956058,0.2146117590049501,0.1116067484836344,1.3461488995882687,0.08843432798349335
M5_eta7.0,2024,252,0.4210872725212193,0.42108727252121936,0.14690722699850403,2.1297768767928753,0.06368704183580018
M5_eta7.0,2025,250,0.30335981577458704,0.3061252990925811,0.18023754006749193,1.3470791835302056,0.18224195021965803
M5_eta7.0,2026,113,0.13093389187569685,0.31573893927176466,0.13430819459815568,1.8431552380199723,0.08243060367007167
M5_eta7.0,2021-2026,1368,1.8801078957070412,0.21514450990263145,0.15722885516163082,1.1122383939409732,0.2371587153041145
M6_eta1.0,2021,252,0.24613773002522865,0.24613773002522876,0.10938781371554644,2.063921209149362,0.04061500028766031
M6_eta1.0,2022,251,-0.1592850758680684,-0.15986601556237046,0.27948043666996986,-0.5554033271207013,0.2884298363554918
M6_eta1.0,2023,250,0.26581908822158967,0.26820836537124726,0.12182309290773526,1.5977181111594285,0.0928806134364838
M6_eta1.0,2024,252,0.3141112456437278,0.31411124564372783,0.11692612406922462,1.9720554656251608,0.05377928656906322
M6_eta1.0,2025,250,0.1747017140251993,0.1762158387688213,0.1563662021860982,0.8565778139489755,0.15254732588510958
M6_eta1.0,2026,113,0.12594364515895695,0.30282684176400343,0.13543254601640362,1.7562108252422275,0.09447041282229338
M6_eta1.0,2021-2026,1368,1.3049570186633255,0.16628935313386006,0.16654901239159817,0.8124513464464391,0.2884298363554917
M6_eta3.0,2021,252,0.2292345185642206,0.2292345185642206,0.11404100648561831,1.864368705850437,0.05486500910490717
M6_eta3.0,2022,251,-0.13884501697721152,-0.13935771738185843,0.251660774859306,-0.5502352143013444,0.26218335204165677
M6_eta3.0,2023,250,0.20996649150010083,0.21181278461962583,0.11515928865782643,1.288081972453102,0.08950798610440074
M6_eta3.0,2024,252,0.3136032454301986,0.31360324543019846,0.11820730676610508,1.9487153862973352,0.053522108388795855
M6_eta3.0,2025,250,0.13540542781353515,0.1365594931277232,0.1518244865475094,0.6516979057279939,0.14242896750588405
M6_eta3.0,2026,113,0.07826696988977043,0.18299401991037967,0.10597195399363565,1.299850863627425,0.07699728047803268
M6_eta3.0,2021-2026,1368,1.0598276812718048,0.1423809529572917,0.15537106197422942,0.7259218857139704,0.26218335204165677
M6_eta7.0,2021,252,0.25609345110108483,0.25609345110108483,0.10836638048118222,2.1558454998774983,0.0413457975154634
M6_eta7.0,2022,251,-0.1411091232892416,-0.14162947879222088,0.252520571158005,-0.5579615799056451,0.2649849217376039
M6_eta7.0,2023,250,0.20546453675683699,0.20726795745434456,0.10966566435275014,1.3126911211390846,0.07837364113202419
M6_eta7.0,2024,252,0.32479931440724863,0.32479931440724874,0.12458938421023633,1.923220044181639,0.05678848152246695
M6_eta7.0,2025,250,0.1889815622609845,0.19062917697151227,0.15405153997632706,0.9462623133532295,0.15175219954919436
M6_eta7.0,2026,113,0.08410298337638927,0.1973204681929448,0.10405480750933084,1.4376559945999214,0.07300826856549235
M6_eta7.0,2021-2026,1368,1.2208035024678623,0.1583260250623817,0.15538324381678442,0.8151363265410013,0.26498492173760385
UCRP,2021,252,0.2218897541096632,0.22188975410966316,0.11849391286510821,1.7480482175740046,0.056962335645088985
DIA,2021,252,0.2082574723501983,0.2082574723501982,0.12306584504160996,1.5963454243822532,0.06366507752564507
UCRP,2022,251,-0.09615598859295652,-0.09651996812332375,0.21211291046467787,-0.46695387257133675,0.22449811077691517
DIA,2022,251,-0.07015309660942766,-0.07042251063167904,0.19772355708993297,-0.37178363853617286,0.20757197187607085
UCRP,2023,250,0.221913857533146,0.22387458079531153,0.1170199625113228,1.3541147019465123,0.08557736333935541
DIA,2023,250,0.16019110258187005,0.16157101605735047,0.1140985385031959,0.9276798056585293,0.0855961606866913
UCRP,2024,252,0.21803412630868052,0.21803412630868046,0.10438408040232021,1.467776594995196,0.05079549670919387
DIA,2024,252,0.14824751136142209,0.1482475113614221,0.11337007634083407,0.8391466362268999,0.06053316245535672
UCRP,2025,250,0.15662829515084176,0.15797547892936636,0.1620334754702507,0.7356687954617751,0.15502281092534007
DIA,2025,250,0.1470599213410633,0.14831964460489866,0.16692506190931253,0.6687562442541768,0.15832221629282553
UCRP,2026,113,0.06889989736865235,0.16019809938254514,0.11762700316807545,1.0165249014691298,0.08497217059779344
DIA,2026,113,0.08670491611447165,0.203738454128241,0.14435670648055077,1.1076258735089675,0.09757536594617316
UCRP,2021-2026,1368,1.032152997893589,0.13953799693438684,0.1458156411715194,0.7464846826253098,0.22449811077691512
DIA,2021-2026,1368,0.8656652377909763,0.1217353906096863,0.14654285566900827,0.6359378294208274,0.20757197187607074
