arm,eta,window,seed,critic_loss_start,critic_loss_end,ent_coef_start,ent_coef_end,actor_loss_start,actor_loss_end
M1,1.0,2021,0,0.8213455677032471,4.451320648193359,0.0192565005272626,0.0019649344030767,-122.11103057861328,-163.47776794433594
M1,1.0,2021,1,2.487699270248413,5.18464469909668,0.0194556154310703,0.0016246358864009,-122.05035400390624,-155.97120666503906
M1,1.0,2021,2,58.776092529296875,4.25904655456543,0.0195032097399234,0.0013210583711043,-122.33615112304688,-165.53977966308594
M1,1.0,2021,3,2.0519511699676514,19.92870330810547,0.0194388162344694,0.0024182407651096,-121.43843841552734,-160.83889770507812
M1,1.0,2021,4,1.1533575057983398,5.900815010070801,0.0190791003406047,0.0012806011363863,-122.91239166259766,-170.49928283691406
M1,1.0,2022,0,0.7194119691848755,6.381609916687012,0.0175095107406377,0.0004922007792629,-121.63806915283205,-17.564125061035156
M1,1.0,2022,1,1.6919251680374146,2.9842867851257324,0.0174453742802143,0.0002453747147228,-121.35545349121094,-17.468507766723633
M1,1.0,2022,2,0.6765522956848145,1.0594666004180908,0.0173375662416219,0.0002818444627337,-122.2795867919922,-10.136723518371582
M1,1.0,2022,3,1.828620433807373,1.010287523269653,0.0172101762145757,0.0003120406181551,-121.29743194580078,-5.766983985900879
M1,1.0,2022,4,0.621250569820404,4.539134502410889,0.017816899344325,0.0006340907420963,-123.0364990234375,-40.77763748168945
M1,1.0,2023,0,0.7534428834915161,5.8340253829956055,0.0175726022571325,0.0026643632445484,-122.81293487548828,-132.12356567382812
M1,1.0,2023,1,1.311584711074829,2.7702956199645996,0.017307499423623,0.0014556775568053,-123.32917022705078,-135.5809783935547
M1,1.0,2023,2,0.6971566677093506,6.439177513122559,0.0175334140658378,0.0010326026240363,-123.63996887207033,-147.5345001220703
M1,1.0,2023,3,1.9001058340072632,4.45548152923584,0.017508091405034,0.0007976508350111,-122.10245513916016,-125.55482482910156
M1,1.0,2023,4,1.1771454811096191,57.505855560302734,0.0178980901837348,0.0007112568127922,-122.74226379394533,-149.11827087402344
M1,1.0,2024,0,0.7456601858139038,1.379451870918274,0.0172507055103778,0.0011280112667009,-121.63255310058594,-78.55158996582031
M1,1.0,2024,1,1.1704394817352295,0.305064857006073,0.0173890888690948,0.0001481051876908,-121.04153442382812,-34.32045364379883
M1,1.0,2024,2,1.2310845851898191,0.5002753734588623,0.0174725223332643,0.0004529423604253,-122.25067901611328,-44.37519454956055
M1,1.0,2024,3,1.3006508350372314,4.417516231536865,0.0172728560864925,0.0008114267839118,-122.88894653320312,-56.393211364746094
M1,1.0,2024,4,1.1887221336364746,1.7558836936950684,0.0180564951151609,0.0005568075575865,-124.66808319091795,-39.0780143737793
M1,1.0,2025,0,1.009817600250244,12.64155387878418,0.0171526633203029,0.0012990582035854,-121.30184936523438,-64.43933868408203
M1,1.0,2025,1,55.54840469360352,2.4642858505249023,0.0174851492047309,0.0013057049363851,-123.06877136230467,-48.094749450683594
M1,1.0,2025,2,7.123419761657715,6.480470657348633,0.0177519991993904,0.0004611393087543,-124.2203598022461,-82.39531707763672
M1,1.0,2025,3,1.2692921161651611,0.915139377117157,0.0179296191781759,0.0013731305953115,-123.00537872314452,-58.525733947753906
M1,1.0,2025,4,1.3348870277404783,3.824669361114502,0.0173518490046262,0.0004770957748405,-123.45923614501952,-74.84378051757812
M1,1.0,2026,0,1.9584252834320068,2.0127038955688477,0.0171885732561349,0.0012830301420763,-122.9097137451172,-82.62032318115234
M1,1.0,2026,1,58.4014778137207,15.355476379394531,0.0174713470041751,0.0025243998970836,-123.03055572509766,-39.37065887451172
M1,1.0,2026,2,5.688038349151611,3.36951208114624,0.0175418946892023,0.0008354822057299,-120.02165985107422,-40.886009216308594
M1,1.0,2026,3,0.8177432417869568,5.222712516784668,0.0179717484861612,0.0007411098340526,-122.1416473388672,-53.13914108276367
M1,1.0,2026,4,1.5829660892486572,0.6488116979598999,0.0174250714480876,0.0004734802932944,-124.2405242919922,-68.01468658447266
M1,3.0,2021,0,0.8257255554199219,3.8892085552215576,0.0192499496042728,0.0018601441988721,-122.1772003173828,-170.3426055908203
M1,3.0,2021,1,2.4273195266723633,3.576014995574951,0.0194569192826747,0.0021645817905664,-121.99005889892578,-163.88607788085938
M1,3.0,2021,2,58.808475494384766,4.579853057861328,0.0195473320782184,0.0013559301150962,-122.35980224609376,-181.56854248046875
M1,3.0,2021,3,2.0665392875671387,6.905758857727051,0.0194526929408311,0.0010515113826841,-121.3912124633789,-173.72789001464844
M1,3.0,2021,4,1.1315613985061646,5.171422958374023,0.0190254505723714,0.0017679898301139,-122.1534423828125,-158.73654174804688
M1,3.0,2022,0,0.7002753019332886,3.4156763553619385,0.0174727793782949,0.0007006473024375,-121.65595245361328,-47.7735481262207
M1,3.0,2022,1,1.670370101928711,1.1081938743591309,0.0173739474266767,0.0002233024570159,-121.50011444091795,-0.8107386231422424
M1,3.0,2022,2,0.6712828874588013,1.127828598022461,0.0173272602260112,0.0002081393904518,-121.88536071777344,-15.455793380737305
M1,3.0,2022,3,1.8291902542114256,1.954996943473816,0.0171591993421316,0.0008240874158218,-121.39618682861328,-25.592777252197266
M1,3.0,2022,4,0.6453133225440979,1.5470287799835205,0.0177890621125698,0.0005411049351096,-122.51100158691406,-41.00601577758789
M1,3.0,2023,0,0.7557040452957153,3.5706396102905273,0.01753113232553,0.0008348418050445,-122.8486557006836,-119.39176940917967
M1,3.0,2023,1,1.311452865600586,7.366723537445068,0.0173424035310745,0.0018846448510885,-123.19945526123048,-142.9740447998047
M1,3.0,2023,2,0.6919271945953369,5.504657745361328,0.0174714718014001,0.0009885678300634,-123.6715087890625,-154.45623779296875
M1,3.0,2023,3,1.8911142349243164,9.632325172424316,0.0175084434449672,0.0019930899143218,-122.0098648071289,-86.81491088867188
M1,3.0,2023,4,1.1565035581588743,51.82876205444336,0.017902186140418,0.0016620515380054,-122.64080810546876,-140.7877197265625
M1,3.0,2024,0,0.7110599279403687,2.7558064460754395,0.0172444470226764,0.0006240336224436,-120.5392837524414,-92.2765655517578
M1,3.0,2024,1,1.0740375518798828,8.319150924682617,0.0172644071280956,0.0009536275174468,-121.19873046875,-73.49839782714844
M1,3.0,2024,2,1.2537899017333984,1.157992601394653,0.01748763397336,0.0013192888582125,-122.5040283203125,-60.287620544433594
M1,3.0,2024,3,1.3016457557678225,2.648073673248291,0.0172596424818038,0.0007688011974096,-122.58837890625,-69.00675964355469
M1,3.0,2024,4,1.194575309753418,12.540556907653809,0.0180431380867958,0.0004530179721768,-124.64002990722656,-72.0917739868164
M1,3.0,2025,0,1.1581380367279053,1.8494648933410645,0.0171556323766708,0.0006427318439818,-122.74386596679688,-47.43891906738281
M1,3.0,2025,1,55.547393798828125,1.0279170274734497,0.017573557794094,0.000539015920367,-123.06295776367188,-56.14102935791016
M1,3.0,2025,2,6.806815147399902,8.110647201538086,0.0177427753806114,0.0009197051404044,-124.22859191894533,-72.09603881835938
M1,3.0,2025,3,1.2646348476409912,6.189695835113525,0.0179519895464181,0.0008950747433118,-122.96681213378906,-81.01914978027344
M1,3.0,2025,4,0.944499671459198,1.7974865436553955,0.0171724110841751,0.0004393512790556,-122.82767486572266,-91.60385131835938
M1,3.0,2026,0,1.9500341415405271,4.104509353637695,0.0171962138265371,0.0009634043090045,-122.86052703857422,-40.887351989746094
M1,3.0,2026,1,58.4197883605957,0.8865397572517395,0.0174574740231037,0.0005130273057147,-123.00544738769533,-66.52386474609375
M1,3.0,2026,2,5.345546722412109,0.6827876567840576,0.0175256580114364,0.0003204971726518,-119.6773452758789,-36.39875411987305
M1,3.0,2026,3,0.8561921119689941,2.2160849571228027,0.0180010721087455,0.0006000851863063,-123.88076782226562,-53.08604431152344
M1,3.0,2026,4,1.5738805532455444,0.495665580034256,0.0174076240509748,0.000692585890647,-124.33509826660156,-58.9227409362793
M1,7.0,2021,0,0.8124939799308777,3.718501091003418,0.0192664880305528,0.0014858321519568,-122.11683654785156,-166.7635955810547
M1,7.0,2021,1,2.5017480850219727,2.722703456878662,0.0194289106875658,0.0011274358257651,-122.0804672241211,-161.74734497070312
M1,7.0,2021,2,58.774269104003906,4.039502143859863,0.0194951258599758,0.0015625319210812,-122.32567596435548,-165.03196716308594
M1,7.0,2021,3,2.077716588973999,6.606547832489014,0.0194398406893014,0.0016907926183193,-121.5213394165039,-169.19381713867188
M1,7.0,2021,4,1.1215250492095947,5.649102210998535,0.0190878398716449,0.001142663299106,-122.90123748779295,-171.5589599609375
M1,7.0,2022,0,0.7023535966873169,3.2789337635040283,0.0175002291798591,0.0010581067763268,-121.55118560791016,-58.43027114868164
M1,7.0,2022,1,1.6874775886535645,0.795638918876648,0.0174576304852962,0.0003401924332138,-121.47322845458984,-11.391711235046388
M1,7.0,2022,2,0.677526593208313,16.94692611694336,0.0173494424670934,0.0010689634364098,-122.28556060791016,-47.9989128112793
M1,7.0,2022,3,1.807044506072998,4.117079257965088,0.0171916224062442,0.0007656782981939,-121.18216705322266,-41.9636344909668
M1,7.0,2022,4,0.6486086845397949,3.199859142303467,0.0178239420056343,0.0004534774634521,-122.87197875976562,-10.583902359008787
M1,7.0,2023,0,0.7395820617675781,5.26970100402832,0.0175178125500679,0.0013655049260705,-122.33719635009766,-143.31207275390625
M1,7.0,2023,1,1.3070087432861328,4.0332536697387695,0.0173577424138784,0.0017094975337386,-123.17121887207033,-151.64981079101562
M1,7.0,2023,2,0.6870704889297485,5.0315141677856445,0.0174824800342321,0.0012160339392721,-123.67633056640624,-158.53564453125
M1,7.0,2023,3,1.8782376050949097,3.1176013946533203,0.0174919292330741,0.0008365322137251,-122.18182373046876,-137.84173583984375
M1,7.0,2023,4,1.1667263507843018,23.735763549804688,0.0178792383521795,0.0015015098033472,-122.4584732055664,-137.34718322753906
M1,7.0,2024,0,0.7608838081359863,1.99066424369812,0.0173416007310152,0.0011272573610767,-121.21063232421876,-56.44158172607422
M1,7.0,2024,1,1.5853949785232544,0.570846676826477,0.0173381865024566,0.0002286940871272,-122.345458984375,-32.42633056640625
M1,7.0,2024,2,1.341888189315796,17.332857131958008,0.0174255780875682,0.0007825433276593,-122.61164093017578,-101.28436279296876
M1,7.0,2024,3,1.2843906879425049,2.6410810947418213,0.0171928368508815,0.0012645295355468,-122.79631042480467,-74.40362548828125
M1,7.0,2024,4,1.1916779279708862,1.6186341047286987,0.0180229991674423,0.0004036915779579,-124.61509704589844,-32.597007751464844
M1,7.0,2025,0,0.9731985330581664,2.4107940196990967,0.0172827504575252,0.0004177556256763,-121.19935607910156,-88.91477966308594
M1,7.0,2025,1,54.93427276611328,0.8613976240158081,0.0175336394459009,0.0004927074769511,-122.0334014892578,-50.73332595825195
M1,7.0,2025,2,7.122544288635254,18.25606918334961,0.0177393238991498,0.0004391487454995,-124.21046447753906,-86.15811920166016
M1,7.0,2025,3,1.086075782775879,1.3397983312606812,0.0177233088761568,0.0003391015052329,-122.29854583740234,-83.54291534423828
M1,7.0,2025,4,1.3140957355499268,6.867889881134033,0.0173236578702926,0.0007104974938556,-123.39611053466795,-78.00953674316406
M1,7.0,2026,0,1.914862036705017,1.8757703304290771,0.0172061305493116,0.0007095481851138,-122.8294448852539,-44.975799560546875
M1,7.0,2026,1,58.25675964355469,0.3368150591850281,0.0176868978887796,0.0005866654682904,-122.80308532714844,-40.31650161743164
M1,7.0,2026,2,5.5478715896606445,20.905773162841797,0.0177899785339832,0.0013057155301794,-121.617431640625,-80.92333984375
M1,7.0,2026,3,0.8601813912391663,2.030923128128052,0.0179767459630966,0.0006741674733348,-124.40373992919922,-56.245487213134766
M1,7.0,2026,4,1.583691120147705,0.797417402267456,0.0174117982387542,0.0009742364636622,-124.25653076171876,-75.9756088256836
M2,1.0,2021,0,2.314821720123291,20.171302795410156,0.0193295776844024,0.0027614885475486,-123.08072662353516,-4.173368453979492
M2,1.0,2021,1,1.2146646976470947,3.4836254119873047,0.0192109867930412,0.0007730182842351,-123.05474853515624,-19.94924545288086
M2,1.0,2021,2,49.83601379394531,4.878631591796875,0.0193855687975883,0.0005626018973998,-120.31915283203124,-15.571950912475586
M2,1.0,2021,3,1.6629407405853271,2.43306303024292,0.0194902829825878,0.0006223086384125,-120.02536010742188,3.0414671897888184
M2,1.0,2021,4,0.917493999004364,0.5542449951171875,0.0193127784878015,0.0005794187891297,-121.38397216796876,-37.78387451171875
M2,1.0,2022,0,1.4850046634674072,6.958911895751953,0.0169043466448783,0.0005651389947161,-121.49817657470705,-24.877552032470703
M2,1.0,2022,1,2.5132896900177,5.617887020111084,0.0175487119704484,0.0006731947651132,-123.28378295898438,-8.58525562286377
M2,1.0,2022,2,1.2161715030670166,13.110755920410156,0.0171535219997167,0.0008755961898714,-123.27156829833984,5.043298721313477
M2,1.0,2022,3,1.538548707962036,5.742405891418457,0.0171910338103771,0.0008219234878197,-121.97633361816406,47.78886032104492
M2,1.0,2022,4,1.1231824159622192,12.82693099975586,0.0172389969229698,0.0011544974986463,-123.05228424072266,25.47171401977539
M2,1.0,2023,0,2.2401814460754395,16.62809944152832,0.0173375997692346,0.0017023530090227,-122.73961639404295,5.486471176147461
M2,1.0,2023,1,2.329348564147949,12.972000122070312,0.0174939464777708,0.0012399341212585,-123.9579849243164,-13.997333526611328
M2,1.0,2023,2,2.0345754623413086,64.11359405517578,0.0173070468008518,0.0028436561115086,-121.86065673828124,13.052892684936523
M2,1.0,2023,3,4.990208625793457,13.474841117858888,0.0172010045498609,0.0033784052357077,-124.04060363769533,-34.51521301269531
M2,1.0,2023,4,2.2388904094696045,82.23208618164062,0.0172957759350538,0.0029473241884261,-122.84741973876952,13.941328048706056
M2,1.0,2024,0,1.855919599533081,27.199481964111328,0.0169928092509508,0.0025103769730776,-121.61642456054688,67.59296417236328
M2,1.0,2024,1,2.1785759925842285,26.20912742614746,0.0175160504877567,0.0010293644154444,-124.1491928100586,24.38528823852539
M2,1.0,2024,2,3.061145544052124,0.7604466676712036,0.0171761941164731,0.0004377893346827,-121.92308044433594,-0.0363254770636558
M2,1.0,2024,3,3.383610248565674,5.029306411743164,0.0170479249209165,0.0009098041336983,-119.35923767089844,14.249131202697754
M2,1.0,2024,4,2.8145911693573,3.112872362136841,0.0173729620873928,0.0006359196268022,-123.81777954101562,11.53634262084961
M2,1.0,2025,0,1.8478481769561768,7.748401641845703,0.017035573720932,0.0006594349397346,-119.76238250732422,41.2419319152832
M2,1.0,2025,1,47.18475341796875,10.895498275756836,0.0172473415732383,0.0005644145421683,-120.83550262451172,13.544575691223145
M2,1.0,2025,2,2.3400912284851074,4.8033447265625,0.0171390753239393,0.0018207791727036,-123.63629150390624,9.270713806152344
M2,1.0,2025,3,1.811794996261597,7.826172351837158,0.0176607556641101,0.0013117507332935,-121.89903259277344,27.690492630004883
M2,1.0,2025,4,2.0555508136749268,1.0682954788208008,0.0172118097543716,0.0006830865750089,-120.4532699584961,13.8165864944458
M2,1.0,2026,0,3.2361505031585693,3.192227363586426,0.0171797405928373,0.0008822876843623,-117.88152313232422,15.301864624023438
M2,1.0,2026,1,47.498138427734375,1.988999366760254,0.0177101306617259,0.0008191509987227,-121.49009704589844,22.683534622192383
M2,1.0,2026,2,2.1412620544433594,5.579459190368652,0.0173053294420242,0.001475348137319,-125.0992660522461,24.87137794494629
M2,1.0,2026,3,2.098768711090088,9.519259452819824,0.0177244842052459,0.0010593921178951,-124.157958984375,-8.319280624389648
M2,1.0,2026,4,2.462924003601074,13.702667236328123,0.0173718184232711,0.0012386033777147,-123.53627014160156,-46.66071701049805
M2,3.0,2021,0,2.3141067028045654,1.0272257328033447,0.0193341728299856,0.0014722748892381,-123.1119613647461,-40.70206451416016
M2,3.0,2021,1,1.1927056312561035,3.71491813659668,0.0192041359841823,0.0005014946800656,-123.06979370117188,-45.57929611206055
M2,3.0,2021,2,49.7376708984375,3.221160411834717,0.0193672571331262,0.0008529345504939,-120.1299285888672,-39.786746978759766
M2,3.0,2021,3,1.7332029342651367,0.2107304483652115,0.0194909889250993,0.0003238325298298,-120.13703918457033,-8.830592155456543
M2,3.0,2021,4,0.9101524949073792,0.7160667181015015,0.0192707572132349,0.0002254800638183,-121.1943130493164,-39.714637756347656
M2,3.0,2022,0,1.4884896278381348,6.811086654663086,0.0168572012335062,0.0010087521513924,-121.54168701171876,-24.07404136657715
M2,3.0,2022,1,2.5610060691833496,6.015133857727051,0.0175324287265539,0.001036453875713,-123.62545776367188,-40.023223876953125
M2,3.0,2022,2,1.2127766609191897,6.771634101867676,0.0171072240918874,0.0008156023104675,-123.2486801147461,-39.5299072265625
M2,3.0,2022,3,1.5381956100463867,3.7184841632843018,0.017182158306241,0.000663299462758,-122.06436157226562,30.280197143554688
M2,3.0,2022,4,1.1149585247039795,12.561838150024414,0.0172173995524644,0.0005485719884745,-122.88268280029295,-4.835545539855957
M2,3.0,2023,0,2.2899060249328613,16.699113845825195,0.0173516348004341,0.0009323055273853,-122.93311309814452,0.9833788871765136
M2,3.0,2023,1,2.327637195587158,6.647904872894287,0.0174819640815258,0.0033062449656426,-123.95619201660156,-50.67643356323242
M2,3.0,2023,2,2.103929042816162,139.0990753173828,0.0172970965504646,0.0044568399898707,-121.7423095703125,2.447927474975586
M2,3.0,2023,3,4.85146951675415,21.869306564331055,0.0170838367193937,0.002697481540963,-123.09716796875,23.945348739624023
M2,3.0,2023,4,2.2579851150512695,20.21942138671875,0.017354117706418,0.0015292230527848,-122.8042984008789,7.995827674865723
M2,3.0,2024,0,1.8481976985931396,3.4408891201019287,0.0169440433382987,0.0006486080237664,-121.52415466308594,7.183680534362793
M2,3.0,2024,1,2.1437482833862305,2.255204200744629,0.0174924619495868,0.0001616121298866,-123.2030258178711,61.694129943847656
M2,3.0,2024,2,3.079445123672486,7.7307281494140625,0.0171495229005813,0.0014870725572109,-121.91859436035156,19.101757049560547
M2,3.0,2024,3,3.6717684268951416,3.0473389625549316,0.0171329956501722,0.0004117494972888,-121.56007385253906,3.422599077224731
M2,3.0,2024,4,2.8081564903259277,0.3947389721870422,0.0173354092985391,0.0002645952044986,-123.93830871582033,2.8776323795318604
M2,3.0,2025,0,1.927710771560669,5.998594284057617,0.0170270539820194,0.0005694348365068,-120.24200439453124,45.5926628112793
M2,3.0,2025,1,47.6253776550293,2.383755683898926,0.0175815112888813,0.0005145322647877,-121.49006652832033,13.94048309326172
M2,3.0,2025,2,2.2204997539520264,12.11453342437744,0.017172934487462,0.0010313242673873,-125.37838745117188,-62.31486511230469
M2,3.0,2025,3,1.820594787597656,8.137616157531738,0.0175130441784858,0.001005770987831,-122.24510192871094,38.93463897705078
M2,3.0,2025,4,2.5636723041534424,11.539104461669922,0.0172740835696458,0.0014233184047043,-121.0043487548828,105.48241424560548
M2,3.0,2026,0,1.5887467861175537,19.85966682434082,0.0171143468469381,0.0009401003480888,-119.49278259277344,4.841133117675781
M2,3.0,2026,1,47.367454528808594,1.6360816955566406,0.0177031643688678,0.000445366371423,-121.4844970703125,6.532103538513184
M2,3.0,2026,2,2.178208827972412,0.0980263575911521,0.0172833353281021,0.0001775591808836,-123.89529418945312,4.976555347442627
M2,3.0,2026,3,2.077812671661377,0.232988029718399,0.0176578499376773,0.0002871718315873,-124.1559066772461,0.929235816001892
M2,3.0,2026,4,2.52003812789917,145.54876708984375,0.0173488222062587,0.0029864818789064,-123.73001098632812,64.57102966308594
M2,7.0,2021,0,2.260836124420166,0.779129683971405,0.0194177683442831,0.000643330044113,-122.93862915039062,-49.65650177001953
M2,7.0,2021,1,1.245619773864746,11.090620040893556,0.0192562248557806,0.0004313184472266,-123.06090545654295,-46.26487731933594
M2,7.0,2021,2,49.86751556396485,5.8168044090271,0.0193687994033098,0.0006722144898958,-120.18035888671876,-23.94916534423828
M2,7.0,2021,3,1.7402856349945068,0.8654015064239502,0.01948151178658,0.0003552294510882,-120.07948303222656,-8.062481880187988
M2,7.0,2021,4,0.915008306503296,3.2080564498901367,0.0193103794008493,0.0007578340009786,-121.36351013183594,-17.204212188720703
M2,7.0,2022,0,1.4809002876281738,172.24642944335938,0.0168906580656766,0.0016914304578676,-121.49010467529295,-7.649503707885742
M2,7.0,2022,1,2.5496668815612793,10.710271835327148,0.0175732895731925,0.0008060456602834,-123.62386322021484,-40.11381530761719
M2,7.0,2022,2,1.2148429155349731,6.2873005867004395,0.0171530880033969,0.0006050674710422,-123.23265838623048,-13.592175483703612
M2,7.0,2022,3,1.5410243272781372,3.8914852142333984,0.01718046143651,0.0004393529670778,-121.96624755859376,11.718426704406738
M2,7.0,2022,4,1.122807264328003,15.738850593566896,0.017278442159295,0.0011783153750002,-122.86283111572266,-6.690746784210205
M2,7.0,2023,0,2.3240647315979004,3.5696663856506348,0.0173359122127294,0.0006659961654804,-122.96027374267578,-3.7416913509368896
M2,7.0,2023,1,2.324761867523194,5.853705406188965,0.0174637343734502,0.001047781552188,-123.88394165039062,-26.3984375
M2,7.0,2023,2,2.083537340164185,110.22306060791016,0.0172920003533363,0.0058949519880115,-121.69009399414062,43.98345947265625
M2,7.0,2023,3,4.860470771789551,12.939720153808594,0.0171742849051952,0.0025569533463567,-122.931640625,18.14232063293457
M2,7.0,2023,4,2.2709147930145264,6.510958671569824,0.017241783440113,0.0014340281486511,-123.04163360595705,1.062153935432434
M2,7.0,2024,0,1.8578122854232788,3.9153800010681152,0.0169510263949632,0.0009961373871192,-121.59891510009766,6.877893447875977
M2,7.0,2024,1,2.1654605865478516,26.01715850830078,0.0175317674875259,0.0011770636774599,-124.08445739746094,-21.56888771057129
M2,7.0,2024,2,3.090693473815918,1.9113295078277588,0.017165059223771,0.0007728995988145,-121.94264221191406,-21.898746490478516
M2,7.0,2024,3,3.0795931816101074,5.669083118438721,0.0171263795346021,0.001699840882793,-120.19639587402344,-2.179910659790039
M2,7.0,2024,4,2.8319554328918457,1.0482860803604126,0.0173565335571765,0.0004111367743462,-123.83087158203124,20.374000549316406
M2,7.0,2025,0,1.970950961112976,6.790073394775391,0.0169597417116165,0.0011514319339767,-118.8069305419922,18.674245834350582
M2,7.0,2025,1,47.66305923461914,2.0200083255767822,0.017674570903182,0.0002708784304559,-122.14314270019533,15.884803771972656
M2,7.0,2025,2,1.7798856496810913,0.2008798420429229,0.0170305948704481,0.0002261586632812,-123.19879150390624,-17.885719299316406
M2,7.0,2025,3,1.8667283058166504,34.02594757080078,0.0177680980414152,0.0021637768950313,-122.70690155029295,73.52649688720703
M2,7.0,2025,4,1.798224925994873,46.838233947753906,0.0172294713556766,0.0010333739919587,-120.80353546142578,-14.9677095413208
M2,7.0,2026,0,1.9395716190338137,0.4170030951499939,0.0171159952878952,0.0003206081455573,-119.41444396972656,5.898035049438477
M2,7.0,2026,1,47.343727111816406,0.7997674942016602,0.0176634844392538,0.000271502736723,-121.47957611083984,-7.129926681518555
M2,7.0,2026,2,2.195706844329834,4.0988545417785645,0.017332648858428,0.000952337461058,-123.77642822265624,31.187461853027344
M2,7.0,2026,3,2.111797571182251,5.330340385437012,0.0176935195922851,0.0015782029367983,-124.15956115722656,-22.71878433227539
M2,7.0,2026,4,2.5140764713287354,1.7271428108215332,0.0173372365534305,0.0005477097001858,-123.69009399414062,4.660921096801758
M3,1.0,2021,0,1.7296650409698486,12.47722053527832,0.019386826083064,0.0040050116367638,-122.41730499267578,-16.37923812866211
M3,1.0,2021,1,1.8786660432815552,9.840583801269531,0.0192509088665246,0.0016826371429488,-123.38280487060548,-41.26084518432617
M3,1.0,2021,2,52.11518096923828,94.43997192382812,0.0193532668054103,0.0038336510770022,-120.68669128417967,-20.637575149536133
M3,1.0,2021,3,1.5888426303863523,6.117243766784668,0.019514275714755,0.0013956950278952,-119.93836975097656,-10.26511573791504
M3,1.0,2021,4,0.9840526580810548,1.2605528831481934,0.0192481055855751,0.0008770369458943,-122.67979431152344,-40.417755126953125
M3,1.0,2022,0,1.2135944366455078,18.604061126708984,0.0169425662606954,0.0010720005957409,-121.18163299560548,12.26945686340332
M3,1.0,2022,1,2.0202009677886963,29.27998924255371,0.0174448583275079,0.0008597955456934,-123.31484985351562,-14.65305995941162
M3,1.0,2022,2,1.4255867004394531,5.293215751647949,0.0172054171562194,0.0006916928105056,-121.52096557617188,-9.162308692932127
M3,1.0,2022,3,1.424166202545166,7.054930686950684,0.0173128228634595,0.0007655614754185,-122.30155181884766,12.90308952331543
M3,1.0,2022,4,1.240567922592163,13.964702606201172,0.0173395182937383,0.0012356914812698,-121.01042938232422,30.698471069335938
M3,1.0,2023,0,1.9502944946289065,10.23733139038086,0.0173613596707582,0.0029262641910463,-121.75486755371094,56.29317092895508
M3,1.0,2023,1,1.9396157264709473,7.467743396759033,0.0175112560391426,0.0007643712451681,-124.46036529541016,24.886951446533203
M3,1.0,2023,2,1.6468908786773682,7.349858283996582,0.0174675323069095,0.0012197849573567,-121.02802276611328,0.4894472956657409
M3,1.0,2023,3,4.331857204437256,57.035362243652344,0.0172009784728288,0.0030812448821961,-123.66008758544922,8.394965171813965
M3,1.0,2023,4,2.058134078979492,10.57525634765625,0.0174092911183834,0.0007884984952397,-122.72565460205078,47.16454315185547
M3,1.0,2024,0,1.734539031982422,5.50520133972168,0.0169083289802074,0.0008571846410632,-121.00328826904295,33.60165786743164
M3,1.0,2024,1,1.8953168392181396,5.260113716125488,0.0174026768654584,0.0013654300710186,-124.0505599975586,-30.178241729736328
M3,1.0,2024,2,3.2176523208618164,38.63502502441406,0.0170596744865179,0.0014669861411675,-123.18006896972656,25.99749755859375
M3,1.0,2024,3,4.6542649269104,37.27096176147461,0.0170793645083904,0.0008986962493509,-121.30290985107422,120.5156707763672
M3,1.0,2024,4,2.905412435531616,13.94140338897705,0.0173581466078758,0.0008803973905742,-122.42990112304688,4.160358428955078
M3,1.0,2025,0,1.6815942525863647,10.410440444946287,0.0170779880136251,0.0013611085014417,-120.2857437133789,4.48180627822876
M3,1.0,2025,1,49.150787353515625,1.6017951965332031,0.0172559954226017,0.0005323037621565,-120.2575454711914,-3.76717758178711
M3,1.0,2025,2,4.148785591125488,12.949981689453123,0.0172765627503395,0.0019903983920812,-122.9824676513672,9.210135459899902
M3,1.0,2025,3,1.8553006649017336,1.3490478992462158,0.0171644035726785,0.0002967313048429,-120.51495361328124,54.30665969848633
M3,1.0,2025,4,1.6947848796844482,9.687259674072266,0.0174687895923852,0.0007293820963241,-120.54983520507812,49.36349105834961
M3,1.0,2026,0,2.9998998641967773,3.612964391708374,0.0172071643173694,0.0004385653301142,-120.77114868164062,-22.47869873046875
M3,1.0,2026,1,48.51568603515625,19.707042694091797,0.0176032055169343,0.0014375369064509,-121.73844909667967,26.329410552978516
M3,1.0,2026,2,2.982460021972656,1.4296183586120603,0.0172674544155597,0.0003931452229153,-123.03399658203124,18.78578186035156
M3,1.0,2026,3,1.846723675727844,5.683053970336914,0.0177258625626564,0.0016310677165165,-123.07272338867188,22.27030372619629
M3,1.0,2026,4,1.825092077255249,3.9851927757263184,0.0174533110111951,0.001193800708279,-123.14590454101562,-24.334197998046875
M3,3.0,2021,0,1.5909831523895264,3.446321487426758,0.0193664673715829,0.0009071443346329,-122.15727996826172,-18.806880950927734
M3,3.0,2021,1,1.8932983875274656,15.772613525390623,0.0192573722451925,0.0012741853715851,-123.5357894897461,-43.5380973815918
M3,3.0,2021,2,51.90568161010742,5.3795366287231445,0.0193419102579355,0.0009542525513097,-120.3620147705078,-38.967044830322266
M3,3.0,2021,3,1.5674059391021729,1.4832613468170166,0.0195571072399616,0.0006304899579845,-119.90306854248048,-12.750200271606444
M3,3.0,2021,4,0.9632750153541564,10.29086685180664,0.0192347820848226,0.0009404949378222,-122.56299591064452,7.516554832458496
M3,3.0,2022,0,1.2112033367156982,18.09939765930176,0.0170564707368612,0.0009820105042308,-121.0553970336914,38.17629623413086
M3,3.0,2022,1,2.0573081970214844,28.83479118347168,0.0175458770245313,0.0014779519988223,-123.55743408203124,33.58979797363281
M3,3.0,2022,2,1.4850302934646606,5.827274322509766,0.0172229092568159,0.0005489694885909,-122.53842163085938,-11.025140762329102
M3,3.0,2022,3,1.4149973392486572,3.3506524562835693,0.0172916203737258,0.0005916359368711,-122.47615051269533,-13.216157913208008
M3,3.0,2022,4,1.257319688796997,3.306976318359375,0.0172316487878561,0.0004299563879612,-121.30897521972656,-7.740113258361816
M3,3.0,2023,0,1.904419183731079,2.98860239982605,0.0173738561570644,0.0007692823419347,-121.72037506103516,39.36539077758789
M3,3.0,2023,1,1.8767377138137815,18.892127990722656,0.0174560919404029,0.0020824582315981,-122.73853302001952,146.05628967285156
M3,3.0,2023,2,1.6408026218414309,23.784446716308594,0.0174032822251319,0.0004543217655736,-121.86431884765624,-13.60377597808838
M3,3.0,2023,3,4.336441516876221,4.286705017089844,0.0172158814966678,0.0005998065462335,-123.57177734375,6.517056941986084
M3,3.0,2023,4,2.0597853660583496,42.13092041015625,0.0174189656972885,0.0012366893934085,-122.73848724365234,-8.758776664733887
M3,3.0,2024,0,1.7432665824890137,71.68179321289062,0.0169253814965486,0.0039397454820573,-121.45773315429688,123.18653869628906
M3,3.0,2024,1,1.882049798965454,6.506763458251953,0.0174077730625867,0.0015133360866457,-124.08736419677734,30.46062660217285
M3,3.0,2024,2,3.2495501041412354,2.920170307159424,0.0170381646603345,0.0004505648685153,-123.15039825439452,16.653133392333984
M3,3.0,2024,3,4.759887218475342,18.772846221923828,0.0170610100030899,0.002351849572733,-121.33457946777344,33.82267761230469
M3,3.0,2024,4,2.8546340465545654,2.380210876464844,0.0173455700278282,0.0007520996732637,-122.2322235107422,-10.612699508666992
M3,3.0,2025,0,2.2172560691833496,4.366512775421143,0.0171148609369993,0.0009011207148432,-120.50687408447266,-42.93448638916016
M3,3.0,2025,1,49.003299713134766,2.668052673339844,0.0173517428338527,0.0005046537262387,-120.0805206298828,-9.661447525024414
M3,3.0,2025,2,3.759676456451416,3.932183027267456,0.0171161908656358,0.0008690606919117,-121.53280639648438,21.060365676879883
M3,3.0,2025,3,2.1479244232177734,1.0532461404800415,0.0171932466328144,0.0007115947082638,-121.0308074951172,14.512704849243164
M3,3.0,2025,4,1.883345365524292,1.056666612625122,0.0172429587692022,0.0003230894217267,-120.5836944580078,17.653045654296875
M3,3.0,2026,0,3.2677242755889893,12.531973838806152,0.0172245688736438,0.0009806675370782,-121.2032699584961,14.193138122558594
M3,3.0,2026,1,48.42720031738281,12.848535537719728,0.0175350625067949,0.0021839027758687,-121.75944519042967,4.4789509773254395
M3,3.0,2026,2,3.178586959838867,3.498371124267578,0.0172792319208383,0.0012015842366963,-123.11233520507812,11.02322006225586
M3,3.0,2026,3,1.85583758354187,1.752316951751709,0.0177652258425951,0.000630386872217,-123.0279541015625,-0.6931801438331604
M3,3.0,2026,4,1.813898682594299,6.3139567375183105,0.0174360182136297,0.0012785096187144,-123.19410705566406,-3.906184673309326
M3,7.0,2021,0,1.7211841344833374,9.709098815917969,0.0193844977766275,0.0014944119611755,-122.4882583618164,-55.39006423950195
M3,7.0,2021,1,1.9086153507232664,15.68730926513672,0.0192761234939098,0.0013117188354954,-123.34741973876952,-37.58913803100586
M3,7.0,2021,2,51.9476318359375,22.80791473388672,0.019352089613676,0.0019825412891805,-120.49322509765624,-7.377784729003906
M3,7.0,2021,3,1.4583659172058103,6.292962074279785,0.0195039305835962,0.0012966154608875,-119.9097900390625,-3.1745777130126953
M3,7.0,2021,4,0.9639190435409546,2.0649495124816895,0.0192290879786014,0.0005411942256614,-122.4900360107422,-60.253173828125
M3,7.0,2022,0,1.2097184658050537,12.00934600830078,0.0169822555035352,0.0009333121124655,-121.02486419677734,20.514389038085938
M3,7.0,2022,1,1.9992353916168213,2.7521843910217285,0.0174914952367544,0.0007851207628846,-123.16500091552734,-23.695451736450195
M3,7.0,2022,2,1.4396824836730957,7.603824615478516,0.0171937048435211,0.0004528037388809,-121.50133514404295,-6.56967306137085
M3,7.0,2022,3,1.4044809341430664,8.493431091308594,0.0172647610306739,0.0014443377731367,-122.67032623291016,27.26430320739746
M3,7.0,2022,4,1.2675046920776367,28.1628360748291,0.0172698087990283,0.001435583923012,-120.9983367919922,32.66172409057617
M3,7.0,2023,0,1.932169198989868,3.1058664321899414,0.0173686202615499,0.0005882195546291,-121.68668365478516,0.1689684391021728
M3,7.0,2023,1,1.9328420162200928,118.35205078125,0.017491728067398,0.0029083539266139,-124.53136444091795,10.382699966430664
M3,7.0,2023,2,1.6662471294403076,7.446914672851563,0.0173870921134948,0.000572761229705,-121.9095458984375,22.01343536376953
M3,7.0,2023,3,4.3533430099487305,28.725587844848633,0.0173118822276592,0.0023612852673977,-123.3638153076172,8.062301635742188
M3,7.0,2023,4,2.075089931488037,73.66693115234375,0.017507491633296,0.0029646090697497,-122.65186309814452,-6.617240905761719
M3,7.0,2024,0,1.7495415210723877,8.12301254272461,0.0170276220887899,0.0006476684939116,-121.10235595703124,20.178138732910156
M3,7.0,2024,1,1.87567138671875,50.406517028808594,0.0174278225749731,0.0021759197115898,-124.00204467773438,50.08631134033203
M3,7.0,2024,2,3.270674228668213,8.0661039352417,0.017001237720251,0.0011651024688035,-123.03288269042967,22.874488830566406
M3,7.0,2024,3,4.563662528991699,11.130462646484377,0.0170738920569419,0.0005148687632754,-121.3813018798828,1.619243860244751
M3,7.0,2024,4,2.9190237522125244,4.700965881347656,0.0174541436135768,0.0006699236691929,-122.24163818359376,26.79461097717285
M3,7.0,2025,0,1.6704418659210205,17.168983459472656,0.0171250570565462,0.0013163705589249,-120.06919860839844,5.300793647766113
M3,7.0,2025,1,49.425262451171875,3.7953696250915527,0.0173745099455118,0.000610543123912,-120.78614044189452,-33.98187255859375
M3,7.0,2025,2,3.7764954566955566,1.3557568788528442,0.0171639136970043,0.0008716487209312,-121.47894287109376,27.183853149414062
M3,7.0,2025,3,2.1130871772766113,8.18027114868164,0.0169008579105138,0.0010302468435838,-123.38240051269533,-23.92207717895508
M3,7.0,2025,4,1.7813175916671753,0.476901650428772,0.0172558967024087,0.0002997575793415,-120.68109130859376,11.952157974243164
M3,7.0,2026,0,2.94757080078125,0.0063198530115187,0.017233096063137,2.1196512534515932e-05,-120.77749633789062,4.3405303955078125
M3,7.0,2026,1,48.52553176879883,3.626986980438232,0.0175670906901359,0.0005951666389591,-121.72261810302734,1.7043064832687378
M3,7.0,2026,2,2.880213737487793,19.906604766845703,0.0172322988510131,0.0035982285626232,-122.79582214355467,24.46152114868164
M3,7.0,2026,3,1.9082086086273191,11.726974487304688,0.0176611002534627,0.0014752588467672,-122.73455810546876,-3.17943811416626
M3,7.0,2026,4,1.8461352586746216,10.562759399414062,0.0174565911293029,0.0009750706958584,-123.20980072021484,-57.338233947753906
M4,1.0,2021,0,1.622811794281006,10.271977424621582,0.0192620158195495,0.0009780350374057,-124.67208862304688,-0.6497817039489746
M4,1.0,2021,1,1.2786004543304443,1.7155792713165283,0.0190802607685327,0.0003845490864478,-122.79559326171876,15.842936515808104
M4,1.0,2021,2,49.264198303222656,10.570768356323242,0.0195708572864532,0.0006685763364657,-120.52941131591795,17.376733779907227
M4,1.0,2021,3,1.067561149597168,3.942161083221435,0.0196761488914489,0.0008549521444365,-120.78885650634766,-40.06214904785156
M4,1.0,2021,4,0.9454523324966432,0.9602880477905272,0.0190459042787551,0.0003078366280533,-123.09413146972656,-7.75284481048584
M4,1.0,2022,0,1.1474913358688354,3.1312241554260254,0.0174484178423881,0.0006305064889602,-122.40632629394533,12.26272678375244
M4,1.0,2022,1,1.6832358837127686,5.113397598266602,0.0173466634005308,0.0004942810628563,-122.806884765625,2.0682101249694824
M4,1.0,2022,2,1.1991124153137207,11.237958908081056,0.0172033496201038,0.0008228077786043,-121.46251678466795,-16.11216926574707
M4,1.0,2022,3,1.5033050775527954,21.18415069580078,0.01728749088943,0.0011783620575442,-123.95100402832033,-17.026859283447266
M4,1.0,2022,4,1.196136474609375,2.718249797821045,0.0173521470278501,0.0006018917774781,-123.14955139160156,11.077892303466797
M4,1.0,2023,0,1.6749883890151978,22.076717376708984,0.0175018645823001,0.0017315448494628,-123.97178649902344,75.21217346191406
M4,1.0,2023,1,2.2274580001831055,1.4753913879394531,0.0174277313053607,0.0003915712295565,-123.41497802734376,20.07093620300293
M4,1.0,2023,2,1.532456398010254,11.038326263427734,0.017297375947237,0.0012417280813679,-121.09712982177734,3.1508283615112305
M4,1.0,2023,3,5.429093360900879,3.7730226516723633,0.0174381136894226,0.0005255694268271,-123.9922332763672,-33.54365539550781
M4,1.0,2023,4,2.185271978378296,8.821273803710938,0.0174153111875057,0.0013902152422815,-123.6961669921875,-34.02774429321289
M4,1.0,2024,0,3.232800006866455,0.971809983253479,0.0173737723380327,0.000349388923496,-122.39320373535156,0.040271520614624
M4,1.0,2024,1,1.6475073099136353,1.3997399806976318,0.0171621534973382,0.0008321221685037,-123.81267547607422,6.680846214294434
M4,1.0,2024,2,2.9405672550201416,15.979408264160156,0.0171816162765026,0.0010387119837105,-120.51719665527344,36.77684783935547
M4,1.0,2024,3,2.570223093032837,1.2919516563415527,0.0171652473509311,0.0006358026294037,-121.3083953857422,31.543697357177734
M4,1.0,2024,4,2.117459774017334,7.557520866394043,0.0171911716461181,0.001412964775227,-121.6273956298828,26.883399963378903
M4,1.0,2025,0,2.358182668685913,13.43465805053711,0.0172315910458564,0.0005895544891245,-120.45278930664062,-0.45186847448349
M4,1.0,2025,1,46.483909606933594,197.6958923339844,0.0177727751433849,0.0016855167923495,-122.33518981933594,68.41133880615234
M4,1.0,2025,2,1.9123761653900144,6.114622116088867,0.0168431177735328,0.0004358651058282,-121.82535552978516,29.41865348815918
M4,1.0,2025,3,1.7208800315856934,67.30452728271484,0.016925623640418,0.0032735338900238,-120.21726989746094,4.7019195556640625
M4,1.0,2025,4,2.1147942543029785,0.3025889992713928,0.0170400664210319,0.0001572670153109,-121.63175201416016,-10.530353546142578
M4,1.0,2026,0,3.2749712467193604,3.201535940170288,0.0171042140573263,0.0009495949489064,-120.23346710205078,21.322843551635746
M4,1.0,2026,1,45.72850036621094,0.6684828400611877,0.017396030947566,0.000339289283147,-121.24363708496094,13.939040184020996
M4,1.0,2026,2,2.2661750316619873,6.645151615142822,0.0176871083676815,0.0009367518941871,-123.3383560180664,5.555722713470459
M4,1.0,2026,3,2.0116705894470215,2.3957550525665283,0.0175534412264823,0.0004731783119495,-123.6936264038086,35.60688400268555
M4,1.0,2026,4,1.994213342666626,3.770807981491089,0.0173389464616775,0.0009752632468007,-124.50802612304688,1.0709216594696045
M4,3.0,2021,0,1.6040369272232056,2.9203662872314453,0.0191884655505418,0.0003794939839281,-124.58679962158205,9.333868026733398
M4,3.0,2021,1,1.268465518951416,5.309666633605957,0.0191003456711769,0.0007283599115908,-122.76870727539062,-15.822296142578123
M4,3.0,2021,2,49.37663269042969,7.160253047943115,0.0195625070482492,0.0007883650832809,-120.67345428466795,15.077550888061523
M4,3.0,2021,3,1.0951108932495115,6.506356239318848,0.0196692645549774,0.0006733555928803,-120.72826385498048,16.839303970336914
M4,3.0,2021,4,0.9414949417114258,94.6330795288086,0.0190565474331378,0.0014757885364815,-122.73338317871094,16.44554901123047
M4,3.0,2022,0,1.1624252796173096,44.098934173583984,0.0174629352986812,0.0009881111327558,-123.2594223022461,-5.809411525726318
M4,3.0,2022,1,1.6792683601379397,10.738691329956056,0.0174304973334074,0.0011303286300972,-122.7381820678711,-3.686899423599243
M4,3.0,2022,2,1.200691819190979,3.464387893676758,0.0171796511858701,0.0006723462720401,-121.48060607910156,-32.07014846801758
M4,3.0,2022,3,1.553107976913452,12.363868713378906,0.0173861216753721,0.0009865857427939,-123.9849090576172,-25.300668716430664
M4,3.0,2022,4,1.2000236511230469,2.424374580383301,0.0173728130757808,0.000546425464563,-123.14166259765624,-10.276939392089844
M4,3.0,2023,0,1.6757426261901855,0.3490119278430938,0.017520435154438,0.0001690021163085,-123.96263122558594,73.52516174316406
M4,3.0,2023,1,2.2334322929382324,15.233125686645508,0.0173731185495853,0.0010283380979672,-123.5482940673828,-7.565921783447266
M4,3.0,2023,2,1.6481356620788574,20.08159828186035,0.0173074100166559,0.0005255704163573,-122.30116271972656,4.931369781494141
M4,3.0,2023,3,5.513219833374023,0.8255126476287842,0.0175071060657501,0.0003750065807253,-123.8827667236328,7.028942584991455
M4,3.0,2023,4,2.1687748432159424,21.99531936645508,0.0174233261495828,0.0025296416133642,-122.89354705810548,-17.980010986328125
M4,3.0,2024,0,3.6981570720672607,0.5391254425048828,0.0172234345227479,0.0005666246870532,-121.58888244628906,26.926244735717773
M4,3.0,2024,1,1.3753657341003418,2.3904809951782227,0.016895281150937,0.0006250774604268,-121.93067932128906,-11.313054084777832
M4,3.0,2024,2,2.9694135189056396,1.2995699644088743,0.0171994529664516,0.0003370716876816,-120.6117706298828,70.05039978027344
M4,3.0,2024,3,2.833448886871338,4.449420928955078,0.0172410774976015,0.0009351127082481,-121.0845947265625,36.73876953125
M4,3.0,2024,4,2.03318452835083,5.902660369873047,0.0174018628895282,0.0006783139542676,-120.27069854736328,4.448864936828613
M4,3.0,2025,0,1.7467095851898191,6.598674297332764,0.0174100305885076,0.0007819983875378,-120.93017578125,70.87968444824219
M4,3.0,2025,1,46.445594787597656,0.1179306954145431,0.0176682099699974,0.0001832178677432,-122.18473052978516,-9.932687759399414
M4,3.0,2025,2,1.4321504831314087,0.8077157735824585,0.0167906582355499,0.0001470744609832,-120.48922729492188,32.902122497558594
M4,3.0,2025,3,1.7298215627670288,2.2136096954345703,0.0169534273445606,0.0003890874213539,-120.37014770507812,-24.209043502807617
M4,3.0,2025,4,2.011654853820801,2.1111226081848145,0.0170348100364208,0.0006222217343747,-121.8217315673828,0.933965802192688
M4,3.0,2026,0,3.4289679527282715,0.2399207949638366,0.0170644260942935,0.0002476728113833,-120.24977111816406,17.398239135742188
M4,3.0,2026,1,28.52688217163086,1.6325342655181885,0.017411233857274,0.0006296754581853,-120.6606903076172,-10.222833633422852
M4,3.0,2026,2,2.486156702041626,2.369039297103882,0.0176821406930685,0.0005101531278342,-123.2159652709961,10.23270320892334
M4,3.0,2026,3,2.0079946517944336,11.045772552490234,0.0175316762179136,0.0014166056644171,-123.5465087890625,28.76519203186035
M4,3.0,2026,4,1.990659475326538,0.7119529843330383,0.0173365417867898,0.0002535537059884,-124.5309600830078,13.309680938720703
M4,7.0,2021,0,1.609783172607422,1.6750552654266355,0.0192232392728328,0.0005160861765034,-124.626220703125,-7.700154781341553
M4,7.0,2021,1,1.2569847106933594,18.616729736328125,0.019089100882411,0.0013435035943984,-122.68800354003906,7.603137493133545
M4,7.0,2021,2,49.15593719482422,14.73752498626709,0.0196359772235155,0.0011675467249006,-120.31787109375,48.35675430297851
M4,7.0,2021,3,1.2253001928329468,7.886475086212158,0.0196726452559232,0.0011831071460619,-121.13335418701172,-20.5545597076416
M4,7.0,2021,4,0.945982813835144,1.6612191200256348,0.0191594641655683,0.0008902525296434,-123.23544311523438,1.734868049621582
M4,7.0,2022,0,1.1458585262298584,11.9276123046875,0.0174588467925786,0.000845035596285,-122.30132293701172,-20.172157287597656
M4,7.0,2022,1,1.6715824604034424,2.4108927249908447,0.0173372197896242,0.000498479232192,-122.67710876464844,-6.234009265899658
M4,7.0,2022,2,1.208664894104004,14.840789794921877,0.0172150507569313,0.0010757596464827,-121.49530029296876,25.54088973999023
M4,7.0,2022,3,1.5309944152832031,5.176540374755859,0.0173456203192472,0.0009396889363415,-124.0567626953125,-31.897872924804688
M4,7.0,2022,4,1.183191180229187,24.04900360107422,0.0173643305897712,0.001521899132058,-123.14572143554688,10.124110221862791
M4,7.0,2023,0,1.6698722839355469,5.801116943359375,0.0175104793161153,0.0012876243563368,-123.9070053100586,-20.930713653564453
M4,7.0,2023,1,2.084517478942871,1.8970603942871096,0.017397241666913,0.0006348643801175,-123.46726989746094,-35.725528717041016
M4,7.0,2023,2,1.629734992980957,5.11204195022583,0.0173279214650392,0.0007842744234949,-122.54251098632812,-23.309268951416016
M4,7.0,2023,3,5.49886417388916,18.82719039916992,0.0174808464944362,0.0012233048910275,-123.9121551513672,27.41527557373047
M4,7.0,2023,4,2.2054402828216553,2.38447904586792,0.0174581389874219,0.000524265342392,-123.6742706298828,-3.706524848937988
M4,7.0,2024,0,1.6606130599975586,13.962830543518066,0.0172696691006422,0.000829225522466,-122.83659362792967,59.69208908081055
M4,7.0,2024,1,1.3316115140914917,41.226951599121094,0.0168674867600202,0.0014613345265388,-121.65642547607422,39.206111907958984
M4,7.0,2024,2,2.9051332473754883,6.623814582824707,0.0171558205038309,0.0014554277295246,-120.61466217041016,-7.938563346862793
M4,7.0,2024,3,3.600925922393799,19.29844093322754,0.0172757226973772,0.0010004496434703,-121.63584899902344,23.702375411987305
M4,7.0,2024,4,2.172272205352783,1.3824026584625244,0.0173997059464454,0.0001511809241492,-120.88836669921876,3.4553210735321045
M4,7.0,2025,0,2.135267972946167,0.9176678657531738,0.0171988140791654,0.0003675154293887,-120.4667739868164,14.863525390625
M4,7.0,2025,1,46.45996856689453,0.4874725341796875,0.0176654551178216,0.0001631011691642,-122.31509399414062,25.49631690979004
M4,7.0,2025,2,1.6189477443695068,1.8095451593399048,0.0167775563895702,0.00078640144784,-121.07730102539062,20.230562210083008
M4,7.0,2025,3,1.971782922744751,12.481893539428713,0.0176562331616878,0.0012604286894202,-121.99199676513672,15.844931602478027
M4,7.0,2025,4,2.143364667892456,3.817354440689087,0.0169416200369596,0.0009764418937265,-122.8826904296875,18.408342361450195
M4,7.0,2026,0,3.3989596366882324,1.480256199836731,0.0171429403126239,0.000611163501162,-120.30652618408205,10.339496612548828
M4,7.0,2026,1,28.077857971191406,1.3356273174285889,0.0173602160066366,0.0001484153908677,-120.7514419555664,33.21536636352539
M4,7.0,2026,2,2.814002513885498,3.388892650604248,0.0177085436880588,0.0006245462573133,-122.8371353149414,34.144378662109375
M4,7.0,2026,3,2.004974365234375,3.2586052417755127,0.0174747630953788,0.0004428588144946,-123.42536163330078,30.00054168701172
M4,7.0,2026,4,1.9548280239105225,7.723629951477051,0.0173456445336341,0.0014909855090081,-124.61784362792967,17.345945358276367
M5,1.0,2021,0,1.070494294166565,2.8065176010131836,0.019550509750843,0.0006597573519684,-124.27191925048828,-31.50037384033203
M5,1.0,2021,1,1.276052713394165,1.4271700382232666,0.0187634155154228,0.0006740494864061,-122.75891876220705,-24.69727325439453
M5,1.0,2021,2,45.92229843139648,4.2494964599609375,0.0195486135780811,0.00035613036016,-121.28929138183594,86.43621826171875
M5,1.0,2021,3,1.1585949659347534,26.188879013061523,0.0195559840649366,0.0011098708491772,-121.1733856201172,-23.495046615600582
M5,1.0,2021,4,1.1367216110229492,3.6020472049713135,0.0190228186547756,0.0005603208555839,-122.49098205566406,17.329421997070312
M5,1.0,2022,0,1.1788148880004885,6.234186172485352,0.0171677116304636,0.000426687154686,-123.04405212402344,-14.558465003967283
M5,1.0,2022,1,1.944701910018921,11.24000358581543,0.0175397619605064,0.0009780266555026,-122.63873291015624,24.250324249267575
M5,1.0,2022,2,1.2018353939056396,19.480749130249023,0.0170185305178165,0.0006865440518595,-122.74998474121094,37.82032012939453
M5,1.0,2022,3,2.1512444019317627,2.2558789253234863,0.0171954035758972,0.0006296601495705,-124.12293243408205,-35.09074783325195
M5,1.0,2022,4,1.2256553173065186,8.494217872619629,0.0176705941557884,0.0007425537914969,-123.44161987304688,-16.8300838470459
M5,1.0,2023,0,1.8079456090927124,11.282642364501951,0.0173071939498186,0.001101806294173,-124.42115783691406,-13.663963317871094
M5,1.0,2023,1,1.9559853076934817,11.79940414428711,0.017091829329729,0.0010800070594996,-122.50846099853516,-31.126352310180664
M5,1.0,2023,2,1.6543102264404297,6.178858757019043,0.0171865914016962,0.0018209858098998,-123.13218688964844,-54.29715347290039
M5,1.0,2023,3,6.4524383544921875,5.968092918395996,0.0171634387224912,0.0008977000252343,-123.28962707519533,-86.87109375
M5,1.0,2023,4,2.243936061859131,14.05068302154541,0.0176328346133232,0.0014281425392255,-123.92196655273438,-72.04857635498047
M5,1.0,2024,0,1.704432487487793,0.7919882535934448,0.0171423032879829,0.0004314148973207,-122.81575775146484,3.892433404922486
M5,1.0,2024,1,1.7734637260437012,3.426720380783081,0.0171391740441322,0.000623280648142,-122.46204376220705,6.007784843444824
M5,1.0,2024,2,3.27933406829834,20.41619300842285,0.0169910434633493,0.0003631719155237,-121.37828063964844,16.053712844848633
M5,1.0,2024,3,4.399296760559082,1.936052083969116,0.0170680731534957,0.0003190257993992,-122.1178970336914,5.478683948516846
M5,1.0,2024,4,3.1137499809265137,4.107594966888428,0.0176261775195598,0.0005623387987725,-123.29552459716795,14.211337089538574
M5,1.0,2025,0,2.356894016265869,0.3211355805397033,0.0170478280633687,0.0001146606082329,-120.6351547241211,0.6844781637191772
M5,1.0,2025,1,39.37553024291992,7.3568115234375,0.0170805044472217,0.0004555035557132,-118.14373779296876,24.106277465820312
M5,1.0,2025,2,2.3086190223693848,3.6870927810668945,0.0170404557138681,0.0010719473939388,-120.77627563476562,53.14119338989258
M5,1.0,2025,3,1.9365582466125488,3.438023328781128,0.0174346882849931,0.0004208187747281,-121.1269760131836,31.17006492614746
M5,1.0,2025,4,2.1208531856536865,20.735027313232425,0.0175428390502929,0.0003933027328457,-123.9782257080078,7.002237319946289
M5,1.0,2026,0,2.182842254638672,1.9121849536895752,0.017164796590805,0.0001861933124018,-122.11528778076172,106.32423400878906
M5,1.0,2026,1,44.44782257080078,5.769867897033691,0.017414953559637,0.0006762506091035,-122.08497619628906,59.16683578491211
M5,1.0,2026,2,1.9510395526885984,12.019339561462402,0.0172438714653253,0.0019623518455773,-123.2364501953125,48.847625732421875
M5,1.0,2026,3,1.9029550552368164,1.377032995223999,0.0176123324781656,0.0002986857725773,-125.37644958496094,19.466209411621097
M5,1.0,2026,4,1.9381401538848877,10.348366737365724,0.0174462646245956,0.0010171589674428,-120.72703552246094,-34.194732666015625
M5,3.0,2021,0,1.1048200130462646,13.56182861328125,0.0194338858127594,0.0007807345828041,-124.08182525634766,27.5632381439209
M5,3.0,2021,1,1.4038983583450315,1.8600616455078125,0.0188694559037685,0.0004529708821792,-123.42647552490234,-1.6090519428253174
M5,3.0,2021,2,45.828121185302734,8.063555717468262,0.0190696772187948,0.0013569836737588,-120.00970458984376,37.27886199951172
M5,3.0,2021,3,1.1278128623962402,33.839561462402344,0.0195675957947969,0.0015823412686586,-121.2154769897461,89.96861267089844
M5,3.0,2021,4,1.1306360960006714,3.185048818588257,0.0190189741551876,0.0009805221343412,-122.55672454833984,-35.98147201538086
M5,3.0,2022,0,1.174668312072754,12.081615447998049,0.0171903036534786,0.0008369415882043,-123.00106048583984,11.89876937866211
M5,3.0,2022,1,1.940590500831604,4.752828121185303,0.0174400750547647,0.0004102879902347,-122.75928497314452,-31.424985885620117
M5,3.0,2022,2,1.2044613361358645,27.570676803588867,0.0170491598546504,0.0007409533136524,-122.8832550048828,48.349365234375
M5,3.0,2022,3,2.1439294815063477,6.199356555938721,0.0171888191252946,0.0007081474759615,-124.10099792480467,-37.70590591430664
M5,3.0,2022,4,1.2332959175109863,5.248239517211914,0.0176544729620218,0.0007703563896939,-123.47434997558594,21.403610229492188
M5,3.0,2023,0,1.7583706378936768,3.5294852256774902,0.0173331275582313,0.0005991685320623,-123.40545654296876,-64.32814025878906
M5,3.0,2023,1,1.9487926959991455,20.768829345703125,0.0170834697782993,0.0007077704067341,-122.50900268554688,-41.741355895996094
M5,3.0,2023,2,3.4835004806518555,12.9331693649292,0.0172587856650352,0.0016437631566077,-122.73472595214844,-29.291898727416992
M5,3.0,2023,3,6.378331184387207,5.1541948318481445,0.0171781443059444,0.0005420402740128,-123.12300872802734,-68.59114074707031
M5,3.0,2023,4,2.189375400543213,30.423261642456055,0.0175351537764072,0.0016673095524311,-123.76203918457033,-34.53892135620117
M5,3.0,2024,0,1.7024816274642944,2.2563982009887695,0.0171381756663322,0.0007309237262234,-122.7750473022461,-4.430415153503418
M5,3.0,2024,1,1.7722365856170654,8.126981735229492,0.0171774476766586,0.0006016303668729,-122.31375122070312,24.3503360748291
M5,3.0,2024,2,3.252650260925293,0.7788227796554565,0.0169714391231536,0.000405591155868,-121.33690643310548,-1.9798134565353391
M5,3.0,2024,3,4.002288818359375,4.870416641235352,0.0169956702739,0.000208436162211,-120.81864166259766,170.81455993652344
M5,3.0,2024,4,3.093540668487549,4.300135612487793,0.0176369044929742,0.0006748004234395,-123.2293472290039,-1.2049968242645264
M5,3.0,2025,0,2.67126989364624,9.465402603149414,0.0170438922941684,0.0004920334322378,-120.6493911743164,35.87994384765625
M5,3.0,2025,1,39.664306640625,7.555088043212891,0.0170354843139648,0.0009491019882261,-118.34380340576172,6.278400897979736
M5,3.0,2025,2,3.5163931846618652,1.1503167152404783,0.0168744530528783,0.0007948567508719,-122.42121887207033,-32.005313873291016
M5,3.0,2025,3,1.924593448638916,3.483297824859619,0.017332499846816,0.0003658093628473,-121.1207275390625,40.97809219360352
M5,3.0,2025,4,2.12632417678833,24.499324798583984,0.0175501108169555,0.0016327827470377,-124.0271453857422,35.756534576416016
M5,3.0,2026,0,2.1911420822143555,1.9136412143707275,0.0171671211719512,0.0002331257419427,-122.1138687133789,32.409358978271484
M5,3.0,2026,1,44.33770751953125,1.4651601314544678,0.0174040291458368,0.0003819456906057,-121.99124908447266,-22.6650447845459
M5,3.0,2026,2,1.8882777690887451,3.8390512466430664,0.0172923374921083,0.0005469100433401,-123.90743255615234,-3.9315264225006104
M5,3.0,2026,3,1.8898775577545168,4.039844036102295,0.0175847224891185,0.000935272371862,-125.46871185302734,19.675701141357425
M5,3.0,2026,4,1.932102918624878,6.689216613769531,0.0174507237970829,0.0009564450592733,-120.50880432128906,16.166528701782227
M5,7.0,2021,0,1.1085736751556396,38.83502960205078,0.0194898508489131,0.0016392592806369,-124.1551513671875,20.213144302368164
M5,7.0,2021,1,1.407691478729248,1.6705007553100586,0.0189095325767993,0.0006704599363729,-123.32788848876952,6.878022193908691
M5,7.0,2021,2,46.172210693359375,2.0160117149353027,0.0190368350595235,0.0005985491443425,-120.48184204101562,-21.477460861206055
M5,7.0,2021,3,1.1948339939117432,0.361121118068695,0.0195264723151922,0.000156222275109,-121.19908905029295,-5.584414005279541
M5,7.0,2021,4,1.1313315629959106,26.592575073242188,0.0190210230648517,0.0017425793921574,-122.4347686767578,1.037351369857788
M5,7.0,2022,0,1.1768224239349363,15.33326530456543,0.0171741303056478,0.0009500369778834,-122.97314453125,18.796451568603516
M5,7.0,2022,1,1.940015435218811,6.616742134094238,0.0175286084413528,0.0010965812252834,-122.67720794677734,-19.337169647216797
M5,7.0,2022,2,1.2037209272384644,2.84813928604126,0.0170957427471876,0.0004301331646274,-122.75657653808594,-5.339979648590088
M5,7.0,2022,3,2.152543067932129,7.073216438293457,0.0171849112957716,0.0009556664153933,-124.10337829589844,10.553632736206056
M5,7.0,2022,4,1.2213289737701416,4.237281799316406,0.0176405385136604,0.000754950044211,-123.4350357055664,-0.2519135475158691
M5,7.0,2023,0,1.6515765190124512,6.044025421142578,0.0173266399651765,0.0009846418397501,-123.30303955078124,-69.21473693847656
M5,7.0,2023,1,1.9279762506484983,31.944061279296875,0.0170662086457014,0.0010016214800998,-123.6456527709961,-63.50789642333984
M5,7.0,2023,2,4.180295944213867,9.29268741607666,0.0173067562282085,0.0009208298288285,-122.77104949951172,-36.02165985107422
M5,7.0,2023,3,6.467465400695801,9.090933799743652,0.0171770546585321,0.0011539740953594,-123.28097534179688,-57.429725646972656
M5,7.0,2023,4,1.8604493141174316,5.542119979858398,0.0172925274819135,0.0006366274901665,-123.1681900024414,-53.43309783935547
M5,7.0,2024,0,1.6986713409423828,8.555296897888184,0.0171454027295112,0.0011058122618123,-122.78945922851562,-30.441741943359375
M5,7.0,2024,1,1.7810792922973633,0.7470716834068298,0.017168054357171,0.0002771130821201,-122.34393310546876,-3.9990358352661137
M5,7.0,2024,2,3.244079351425171,0.6268041133880615,0.0169672649353742,0.0001411916018696,-121.47254943847656,10.725192070007324
M5,7.0,2024,3,3.4931018352508545,8.574231147766113,0.0170536320656538,0.0009165481897071,-121.52667236328124,5.73883056640625
M5,7.0,2024,4,3.1759629249572754,5.447873115539551,0.0176643170416355,0.0006586172967217,-123.1549835205078,22.497726440429688
M5,7.0,2025,0,2.11309552192688,5.318990230560303,0.0170405283570289,0.0007084555109031,-120.10916900634766,11.961644172668455
M5,7.0,2025,1,41.834468841552734,8.178329467773438,0.0169452801346778,0.0009129527024924,-118.21074676513672,32.43257522583008
M5,7.0,2025,2,2.53399658203125,1.2207962274551392,0.0171759892255067,0.0002254000864923,-121.15355682373048,13.81906795501709
M5,7.0,2025,3,2.177783966064453,0.3508982062339782,0.0177048780024051,0.0002717112656682,-122.34033203125,6.002089500427246
M5,7.0,2025,4,2.022247314453125,4.302465915679932,0.0173647124320268,0.0013037682510912,-123.29996490478516,16.012393951416016
M5,7.0,2026,0,2.262169361114502,1.089897394180298,0.0171611066907644,0.0002274640573887,-122.14190673828124,13.461060523986816
M5,7.0,2026,1,44.26834487915039,16.065174102783203,0.017422180622816,0.0010029362747445,-121.8436508178711,16.630306243896484
M5,7.0,2026,2,1.8958529233932495,0.451017290353775,0.0172781031578779,7.080789509927854e-05,-123.74607849121094,36.13380432128906
M5,7.0,2026,3,1.894202709197998,9.902344703674316,0.0176195632666349,0.0008698637248016,-125.37347412109376,35.09928512573242
M5,7.0,2026,4,1.9124717712402344,3.813246250152588,0.0174564998596906,0.0004566925344988,-120.3835220336914,8.03131103515625
M6,1.0,2021,0,0.9706621170043944,6.737387657165527,0.0194004718214273,0.0007664827280677,-121.77735900878906,14.609038352966309
M6,1.0,2021,1,1.159751534461975,2.487338066101074,0.0192910153418779,0.0009271355229429,-123.09207916259766,-43.53377914428711
M6,1.0,2021,2,45.0355110168457,3.000309944152832,0.0195005647838115,0.0006523962365463,-120.61058044433594,-17.703065872192383
M6,1.0,2021,3,1.1811833381652832,1.8877089023590088,0.0195845011621713,0.000345528271282,-121.78430938720705,4.168527126312256
M6,1.0,2021,4,1.038790941238403,1.9943150281906128,0.0188770368695259,0.0002923934662248,-121.89508056640624,20.072847366333008
M6,1.0,2022,0,1.2587692737579346,3.719022274017334,0.0175601970404386,0.0006366648012772,-122.88583374023438,-20.932371139526367
M6,1.0,2022,1,1.9200677871704104,10.11613941192627,0.0172974430024623,0.0005429412703961,-122.46436309814452,-25.45103454589844
M6,1.0,2022,2,1.2556469440460205,5.575199127197266,0.0171007066965103,0.0003706611460074,-121.40914154052734,-27.844173431396484
M6,1.0,2022,3,2.1352121829986572,1.1140540838241575,0.0169883370399475,0.0002208906371379,-123.01837921142578,-12.595232009887695
M6,1.0,2022,4,1.20015549659729,5.733856201171875,0.0172293484210968,0.00067837088136,-122.8296356201172,-21.409976959228516
M6,1.0,2023,0,1.4030300378799438,47.9780158996582,0.0171675067394971,0.0017160990973934,-122.38478088378906,-23.096607208251953
M6,1.0,2023,1,2.3542418479919434,7.710162162780762,0.0175676345825195,0.0004015896411146,-122.59765625,-45.87078857421875
M6,1.0,2023,2,1.6301189661026,3.701083183288574,0.0172094367444515,0.0008092845673672,-120.3899154663086,-11.847217559814451
M6,1.0,2023,3,4.374996662139893,4.10760498046875,0.0169935468584299,0.0006444215541705,-120.66716766357422,-67.08479309082031
M6,1.0,2023,4,1.8697638511657717,4.415508270263672,0.017024390399456,0.0008537743706256,-122.54112243652344,-70.7264404296875
M6,1.0,2024,0,1.866830348968506,1.1594325304031372,0.0175142958760261,0.000600452418439,-121.96768188476562,-57.794464111328125
M6,1.0,2024,1,1.8229641914367676,0.5586005449295044,0.0174577236175537,0.0003380045527592,-122.63874816894533,-36.73906326293945
M6,1.0,2024,2,3.181826591491699,1.9818477630615232,0.0171889420598745,0.0004355833516456,-121.17833709716795,-28.478240966796875
M6,1.0,2024,3,4.512539863586426,0.7616051435470581,0.0170206483453512,0.000369910034351,-119.36442565917967,-29.626577377319336
M6,1.0,2024,4,2.032957077026367,0.248555988073349,0.017025364562869,0.0003060813760384,-122.02798461914062,-27.546751022338867
M6,1.0,2025,0,1.431104063987732,18.656768798828125,0.0168830323964357,0.0013566795969381,-119.28861236572266,0.8409588932991028
M6,1.0,2025,1,43.95096206665039,2.3912415504455566,0.0174040626734495,0.000702939578332,-120.5694351196289,-8.293680191040039
M6,1.0,2025,2,1.6618571281433103,53.88819885253906,0.0169097241014242,0.0009382830467075,-121.90093994140624,23.599449157714844
M6,1.0,2025,3,2.1136350631713867,6.953708171844482,0.0169537495821714,0.0007227865280583,-119.85616302490234,48.61042785644531
M6,1.0,2025,4,1.8538539409637451,1.8580293655395508,0.0172245595604181,0.0007917348411865,-121.60214233398438,0.0226831436157226
M6,1.0,2026,0,2.69958233833313,4.111733913421631,0.0168982055038213,0.000890331051778,-121.50420379638672,23.686403274536133
M6,1.0,2026,1,40.770118713378906,21.542905807495117,0.0174502413719892,0.001131025259383,-121.4054183959961,53.82635498046875
M6,1.0,2026,2,2.162580966949463,4.93113899230957,0.0172792412340641,0.000384987972211,-122.16978454589844,59.98634338378906
M6,1.0,2026,3,2.1991138458251953,2.701452255249023,0.017533715814352,0.0004536729829851,-124.29344177246094,35.58502960205078
M6,1.0,2026,4,1.8566973209381104,0.9293329119682312,0.0171988382935524,0.0005419991794042,-123.12705993652344,6.75021505355835
M6,3.0,2021,0,0.9829926490783693,5.771451473236084,0.019387025386095,0.0004262883448973,-122.54579162597656,4.554942607879639
M6,3.0,2021,1,1.15175199508667,10.800994873046877,0.0193016566336154,0.0007330360822379,-123.56987762451172,7.357252597808838
M6,3.0,2021,2,45.08061218261719,1.559086799621582,0.0194062497466802,0.0002706826780922,-120.68394470214844,29.273887634277344
M6,3.0,2021,3,1.2315372228622437,0.6968199014663696,0.0195461530238389,0.000470564875286,-121.9477996826172,-4.663505554199219
M6,3.0,2021,4,1.0379328727722168,1.817210078239441,0.01887390576303,0.0004841518530156,-122.13414764404295,-18.136646270751953
M6,3.0,2022,0,1.262814998626709,4.990433692932129,0.017623571678996,0.0009958980372175,-122.81124877929688,-33.60713195800781
M6,3.0,2022,1,1.7833490371704102,5.490323543548584,0.017288289964199,0.0005442279507406,-122.3702621459961,-17.99154281616211
M6,3.0,2022,2,1.254131317138672,12.390687942504885,0.017075341194868,0.0006097028963267,-121.3810806274414,12.59202003479004
M6,3.0,2022,3,2.1296286582946777,4.093898773193359,0.0169757287949323,0.0010977803030982,-123.00526428222656,12.543185234069824
M6,3.0,2022,4,1.1954820156097412,3.690918445587158,0.0172265637665987,0.0005146542098373,-122.43125915527344,-20.689252853393555
M6,3.0,2023,0,1.4063585996627808,26.81871795654297,0.017171386629343,0.0015091190580278,-122.34366607666016,-39.20283508300781
M6,3.0,2023,1,2.4361512660980225,10.827251434326172,0.0175217557698488,0.0008039252716116,-122.680908203125,-32.27021026611328
M6,3.0,2023,2,1.6194907426834106,2.8589179515838623,0.0172693561762571,0.0005887656589038,-121.77723693847656,-49.98733901977539
M6,3.0,2023,3,4.19728422164917,0.8681674003601074,0.0170069392770528,0.0007071766885928,-120.19284057617188,-59.04236602783203
M6,3.0,2023,4,1.912797927856445,9.48000717163086,0.0170579180121421,0.0012063889298588,-123.53131103515624,-44.37541961669922
M6,3.0,2024,0,1.8196121454238892,1.4586811065673828,0.0175067316740751,0.0004810505197383,-121.94593811035156,-20.67453384399414
M6,3.0,2024,1,1.8559088706970217,0.4534232318401336,0.0174805223941802,0.000248605676461,-122.65670776367188,-21.400259017944336
M6,3.0,2024,2,3.196695327758789,10.003658294677734,0.01728181168437,0.0005508416797965,-121.66309356689452,-33.737098693847656
M6,3.0,2024,3,4.240764141082764,0.5370275974273682,0.0170695949345827,0.0001021090356516,-120.42877960205078,-15.359329223632812
M6,3.0,2024,4,2.05780029296875,3.646939277648926,0.017215060070157,0.0005586966290138,-121.35757446289062,14.682733535766602
M6,3.0,2025,0,1.4126718044281006,2.2634904384613037,0.0170400664210319,0.0003786890592891,-118.88493347167967,36.16935729980469
M6,3.0,2025,1,43.83554458618164,2.032329797744751,0.0174753554165363,0.0003248489520046,-120.31895446777344,-4.759721755981445
M6,3.0,2025,2,1.8922994136810305,4.067474842071533,0.0169414989650249,0.0006833729567006,-123.29302215576172,-11.414483070373535
M6,3.0,2025,3,2.0908620357513428,13.059630393981934,0.0171963367611169,0.0010361183667555,-120.77054595947266,-19.276451110839844
M6,3.0,2025,4,1.828845739364624,1.616647243499756,0.0170448757708072,0.0003797202662099,-120.34080505371094,39.104347229003906
M6,3.0,2026,0,2.760472059249878,1.1667228937149048,0.0169153213500976,0.0002891744370572,-121.97362518310548,-46.30241012573242
M6,3.0,2026,1,38.92729187011719,3.795398235321045,0.017506930977106,0.0004809257516171,-121.69328308105467,23.27385902404785
M6,3.0,2026,2,1.3486151695251465,2.4256949424743652,0.0169738829135894,0.0008585517061874,-121.21607971191406,4.198189735412598
M6,3.0,2026,3,2.186811923980713,0.6859077215194702,0.0175935123115777,0.0003570293192751,-124.2984848022461,-24.94538116455078
M6,3.0,2026,4,1.8618364334106443,2.809572219848633,0.0172536354511976,0.0007506668334826,-122.96422576904295,-34.95790100097656
M6,7.0,2021,0,0.984853744506836,8.260005950927734,0.0194129310548305,0.0007535258191637,-122.60089874267578,32.6196174621582
M6,7.0,2021,1,1.1579835414886477,4.140829563140869,0.0193174928426742,0.0008139227866195,-123.65000915527344,-29.86988639831543
M6,7.0,2021,2,45.101959228515625,5.430107116699219,0.0194706320762634,0.0003765290894079,-120.7152328491211,-6.879040241241455
M6,7.0,2021,3,1.2515654563903809,2.4968044757843018,0.0195333082228899,0.0004313579411245,-121.82818603515624,8.047771453857422
M6,7.0,2021,4,1.0414371490478516,0.5862985849380493,0.0188737213611602,0.0004085407417733,-121.9823989868164,-13.602424621582031
M6,7.0,2022,0,1.2634060382843018,4.331482410430908,0.0175511483103036,0.0005461527616716,-122.87525177001952,-15.42123794555664
M6,7.0,2022,1,1.8317883014678955,4.15460729598999,0.0172910522669553,0.000681435863953,-122.40241241455078,-32.23998260498047
M6,7.0,2022,2,1.2619948387145996,2.097604274749756,0.0171139296144247,0.0004120466473978,-121.47978973388672,6.968202114105225
M6,7.0,2022,3,2.118523597717285,4.064550399780273,0.0169712863862514,0.0009193837177008,-123.02366638183594,42.59489059448242
M6,7.0,2022,4,1.188722848892212,3.086146831512451,0.0172211024910211,0.0005799274076707,-122.35150909423828,-7.309275150299072
M6,7.0,2023,0,1.401176929473877,1.6539244651794434,0.0171445179730653,0.0016592895844951,-122.43138885498048,-60.306495666503906
M6,7.0,2023,1,2.447025775909424,8.592426300048828,0.0175742451101541,0.0011182413436472,-122.42537689208984,-68.69404602050781
M6,7.0,2023,2,1.6081862449645996,7.900214195251465,0.017134066671133,0.0011047155130654,-121.6914520263672,-30.488998413085938
M6,7.0,2023,3,4.38242769241333,2.9444234371185303,0.017040641978383,0.0006866746698506,-120.57501983642578,-59.94293594360352
M6,7.0,2023,4,1.9009273052215576,4.629703521728516,0.0170266646891832,0.0011169490171596,-123.5666046142578,-88.2940673828125
M6,7.0,2024,0,1.8343665599823,4.510928153991699,0.0175360310822725,0.00081615668023,-123.14148712158205,-21.76572036743164
M6,7.0,2024,1,1.959927320480347,1.620260238647461,0.0174502488225698,0.0002813197206705,-122.65196990966795,5.085784912109375
M6,7.0,2024,2,3.182323455810547,4.381973743438721,0.0173178594559431,0.0005946214077994,-121.66444396972656,15.772868156433104
M6,7.0,2024,3,4.413812160491943,1.8474305868148804,0.0170559249818325,0.0004510399303399,-119.44627380371094,-23.82973289489746
M6,7.0,2024,4,2.017117500305176,17.019132614135742,0.0170377418398857,0.0003517461009323,-122.25129699707033,-28.484519958496097
M6,7.0,2025,0,1.4664459228515625,4.054562568664551,0.016976011916995,0.0003601548378355,-118.6644287109375,-0.9160977602005004
M6,7.0,2025,1,43.98089599609375,4.614712238311768,0.0173795074224472,0.0005499441176652,-120.54855346679688,63.038448333740234
M6,7.0,2025,2,3.5593130588531494,34.82892990112305,0.0168746300041675,0.0015294658951461,-121.3416519165039,7.838101863861084
M6,7.0,2025,3,1.8970239162445068,3.689350128173828,0.0170918460935354,0.0003160074411425,-120.17729949951172,30.897212982177734
M6,7.0,2025,4,1.7683336734771729,8.516947746276855,0.0171533338725566,0.000625979155302,-120.29977416992188,-9.20928192138672
M6,7.0,2026,0,2.7163500785827637,0.4085224270820617,0.0169207993894815,0.0001787116634659,-121.5584945678711,11.94117832183838
M6,7.0,2026,1,40.02568817138672,18.65508270263672,0.0174949057400226,0.0007829654496163,-121.63973999023438,-14.503881454467772
M6,7.0,2026,2,2.735910654067993,53.15806579589844,0.0169976726174354,0.0017588076880201,-121.77638244628906,285.9283447265625
M6,7.0,2026,3,2.213344097137451,5.183932304382324,0.0174972750246524,0.0005902599659748,-124.3647003173828,1.3211570978164673
M6,7.0,2026,4,1.7286089658737185,2.062534809112549,0.0171587746590375,0.0003890799998771,-122.00765991210938,5.539923667907715
