sector,n,flip,sign_flip,dir_o,dir_s
Energy,3863,0.1312451462593839,0.0064716541548019675,0.1982914833031323,0.1894900336526016
Health Care,12671,0.1305342909004814,0.004735222160839713,0.2438639412832452,0.2283955488911688
Consumer Staples,8723,0.12541556803851886,0.006305170239596469,0.18789407313997478,0.18250601857159235
Consumer Discretionary,11987,0.11554183699007257,0.004921998832068074,0.21331442395928923,0.20263618920497206
Communication Services,7913,0.11133577657020094,0.004170352584354859,0.21192973587766967,0.19828130923796283
Financials,16475,0.1076176024279211,0.004248861911987861,0.1773596358118361,0.1649165402124431
Industrials,10844,0.10245296938399115,0.004057543341940244,0.1865547768351162,0.18056067871634082
Information Technology,20275,0.09390875462392108,0.004488286066584464,0.23995067817509247,0.24453760789149198
Materials,1176,0.09013605442176871,0.002551020408163265,0.1828231292517007,0.20918367346938777
